{
	"__comment": "Updated Version For Play.DusDavidGames.nl",
	"textures": {
		"particle": "block/anvil_base",
		"1": "block/anvil_base",
		"2": "block/wool_colored_black",
		"3": "block/iron_block",
		"4": "block/quartz_block_bottom",
		"5": "block/stone_andesite",
		"6": "block/wool_colored_cyan"
	},
	"elements": [
		{
			"from": [ -1, 4, 4.5 ],
			"to": [ 17, 15.5, 5 ],
			"faces": {
				"down": { "uv": [ 16, 5, 0, 4.5 ], "texture": "#1" },
				"up": { "uv": [ 0, 4.5, 16, 5 ], "texture": "#1" },
				"north": { "uv": [ 0, 0.5, 16, 12 ], "texture": "#1" },
				"south": { "uv": [ 0, 0.5, 16, 12 ], "texture": "#1" },
				"west": { "uv": [ 4.5, 0.5, 5, 12 ], "texture": "#1" },
				"east": { "uv": [ 11, 0.5, 11.5, 12 ], "texture": "#1" }
			}
		},
		{
			"from": [ 7, 0, 1 ],
			"to": [ 10, 0.5, 5.5 ],
			"faces": {
				"down": { "uv": [ 9, 5.5, 6, 1 ], "texture": "#1" },
				"up": { "uv": [ 7, 1, 10, 5.5 ], "texture": "#1" },
				"north": { "uv": [ 6, 15.5, 9, 16 ], "texture": "#1" },
				"south": { "uv": [ 7, 15.5, 10, 16 ], "texture": "#1" },
				"west": { "uv": [ 1, 15.5, 5.5, 16 ], "texture": "#1" },
				"east": { "uv": [ 10.5, 15.5, 15, 16 ], "texture": "#1" }
			}
		},
		{
			"from": [ 0.5, 5.5, 3.5 ],
			"to": [ 15.5, 14.5, 4.5 ],
			"faces": {
				"down": { "uv": [ 8.5, 0, 6.5, 0 ], "texture": "#1" },
				"up": { "uv": [ 7.5, 0, 9.5, 0 ], "texture": "#1" },
				"north": { "uv": [ 6.5, 9, 8.5, 14.5 ], "texture": "#1" },
				"south": { "uv": [ 7.5, 9, 9.5, 14.5 ], "texture": "#1" },
				"west": { "uv": [ 0, 9, 0, 14.5 ], "texture": "#1" },
				"east": { "uv": [ 16, 9, 16, 14.5 ], "texture": "#1" }
			}
		},
		{
			"from": [ 8, 0.5, 2 ],
			"to": [ 9.5, 3.5, 3.5 ],
			"faces": {
				"down": { "uv": [ 8.5, 3.5, 6.5, 2 ], "texture": "#1" },
				"up": { "uv": [ 7.5, 2, 9.5, 3.5 ], "texture": "#1" },
				"north": { "uv": [ 6.5, 9.5, 8.5, 15 ], "texture": "#1" },
				"south": { "uv": [ 7.5, 9.5, 9.5, 15 ], "texture": "#1" },
				"west": { "uv": [ 2, 9.5, 3.5, 15 ], "texture": "#1" },
				"east": { "uv": [ 12.5, 9.5, 14, 15 ], "texture": "#1" }
			}
		},
		{
			"from": [ 8, 3, 2.5 ],
			"to": [ 9.5, 5.5, 4 ],
			"faces": {
				"down": { "uv": [ 8.25, 4, 6.75, 2.5 ], "texture": "#1" },
				"up": { "uv": [ 7.75, 2.5, 9.25, 4 ], "texture": "#1" },
				"north": { "uv": [ 6.75, 10.5, 8.25, 13 ], "texture": "#1" },
				"south": { "uv": [ 7.75, 10.5, 9.25, 13 ], "texture": "#1" },
				"west": { "uv": [ 2.5, 10.5, 4, 13 ], "texture": "#1" },
				"east": { "uv": [ 12, 10.5, 13.5, 13 ], "texture": "#1" }
			}
		},
		{
			"from": [ 8, 4.5, 3 ],
			"to": [ 9.5, 6, 4.5 ],
			"faces": {
				"down": { "uv": [ 8.25, 4.5, 6.75, 3 ], "texture": "#1" },
				"up": { "uv": [ 7.75, 3, 9.25, 4.5 ], "texture": "#1" },
				"north": { "uv": [ 6.75, 10, 8.25, 11.5 ], "texture": "#1" },
				"south": { "uv": [ 7.75, 10, 9.25, 11.5 ], "texture": "#1" },
				"west": { "uv": [ 3, 10, 4.5, 11.5 ], "texture": "#1" },
				"east": { "uv": [ 11.5, 10, 13, 11.5 ], "texture": "#1" }
			}
		},
		{
			"from": [ -1, 15, 5 ],
			"to": [ 17, 15.5, 5.0625 ],
			"faces": {
				"down": { "uv": [ 16, 7.5, 0, 7 ], "texture": "#1" },
				"up": { "uv": [ 0, 7, 16, 7.5 ], "texture": "#1" },
				"north": { "uv": [ 0, 0, 16, 1 ], "texture": "#1" },
				"south": { "uv": [ 0, 0, 16, 1 ], "texture": "#1" },
				"west": { "uv": [ 7, 0, 7.5, 1 ], "texture": "#1" },
				"east": { "uv": [ 8.5, 0, 9, 1 ], "texture": "#1" }
			}
		},
		{
			"from": [ -1, 4, 5 ],
			"to": [ 17, 5, 5.0625 ],
			"faces": {
				"down": { "uv": [ 16, 7.5, 0, 7 ], "texture": "#1" },
				"up": { "uv": [ 0, 7, 16, 7.5 ], "texture": "#1" },
				"north": { "uv": [ 0, 0, 16, 1 ], "texture": "#1" },
				"south": { "uv": [ 0, 0, 16, 1 ], "texture": "#1" },
				"west": { "uv": [ 7, 0, 7.5, 1 ], "texture": "#1" },
				"east": { "uv": [ 8.5, 0, 9, 1 ], "texture": "#1" }
			}
		},
		{
			"from": [ 16.5, 5, 5 ],
			"to": [ 17, 15, 5.0625 ],
			"faces": {
				"down": { "uv": [ 16, 7.5, 0, 7 ], "texture": "#1" },
				"up": { "uv": [ 0, 7, 16, 7.5 ], "texture": "#1" },
				"north": { "uv": [ 0, 0, 16, 1 ], "texture": "#1" },
				"south": { "uv": [ 0, 0, 16, 1 ], "texture": "#1" },
				"west": { "uv": [ 7, 0, 7.5, 1 ], "texture": "#1" },
				"east": { "uv": [ 8.5, 0, 9, 1 ], "texture": "#1" }
			}
		},
		{
			"from": [ -1, 5, 5 ],
			"to": [ -0.5, 15, 5.0625 ],
			"faces": {
				"down": { "uv": [ 16, 7.5, 0, 7 ], "texture": "#1" },
				"up": { "uv": [ 0, 7, 16, 7.5 ], "texture": "#1" },
				"north": { "uv": [ 0, 0, 16, 1 ], "texture": "#1" },
				"south": { "uv": [ 0, 0, 16, 1 ], "texture": "#1" },
				"west": { "uv": [ 7, 0, 7.5, 1 ], "texture": "#1" },
				"east": { "uv": [ 8.5, 0, 9, 1 ], "texture": "#1" }
			}
		},
		{
			"from": [ -0.5, 5, 5 ],
			"to": [ 16.5, 15, 5.0625 ],
			"faces": {
				"down": { "uv": [ 16, 5.0625, 0, 5 ], "texture": "#2" },
				"up": { "uv": [ 0, 5, 16, 5.0625 ], "texture": "#2" },
				"north": { "uv": [ 0.5, 2.5, 15.5, 13 ], "texture": "#2" },
				"south": { "uv": [ 0.5, 3.5, 15.5, 13 ], "texture": "#2" },
				"west": { "uv": [ 5, 1, 5.0625, 11 ], "texture": "#2" },
				"east": { "uv": [ 10.9375, 1, 11, 11 ], "texture": "#2" }
			}
		},
		{
			"from": [ 15.5, 4.25, 4.625 ],
			"to": [ 16.5, 4.75, 5.125 ],
			"faces": {
				"down": { "uv": [ 7.5, 6, 8.5, 7 ], "texture": "#4" },
				"up": { "uv": [ 7.5, 6, 8.5, 7 ], "texture": "#4" },
				"north": { "uv": [ 7.5, 6, 8.5, 7 ], "texture": "#4" },
				"south": { "uv": [ 7.5, 6, 8.5, 7 ], "texture": "#4" },
				"west": { "uv": [ 7.5, 6, 8.5, 7 ], "texture": "#4" },
				"east": { "uv": [ 7.5, 6, 8.5, 7 ], "texture": "#4" }
			}
		},
		{
			"from": [ 0, 0, 7.5 ],
			"to": [ 13, 0.5, 12 ],
			"faces": {
				"down": { "uv": [ 16, 14, 16, 7.5 ], "texture": "#1" },
				"up": { "uv": [ 0, 7.5, 0, 14 ], "texture": "#1" },
				"north": { "uv": [ 16, 15.5, 16, 16 ], "texture": "#1" },
				"south": { "uv": [ 0, 15.5, 0, 16 ], "texture": "#1" },
				"west": { "uv": [ 7.5, 15.5, 14, 16 ], "texture": "#1" },
				"east": { "uv": [ 2, 15.5, 8.5, 16 ], "texture": "#1" }
			}
		},
		{
			"from": [ 0.5, 0.5, 8 ],
			"to": [ 8.5, 0.5625, 11.5 ],
			"faces": {
				"down": { "uv": [ 4.5, 0.5, 8, 8.5 ], "texture": "#5", "rotation": 90 },
				"up": { "uv": [ 4.5, 0.5, 8, 8.5 ], "texture": "#5", "rotation": 270 },
				"north": { "uv": [ 0.5, 15.4375, 8.5, 15.5 ], "texture": "#5" },
				"south": { "uv": [ 0.5, 15.4375, 8.5, 15.5 ], "texture": "#5" },
				"west": { "uv": [ 4.5, 15.4375, 8, 15.5 ], "texture": "#5" },
				"east": { "uv": [ 4.5, 15.4375, 8, 15.5 ], "texture": "#5" }
			}
		},
		{
			"from": [ 11, 0.5, 8.5 ],
			"to": [ 12.5, 0.5625, 11.5 ],
			"faces": {
				"down": { "uv": [ 4.5, 11, 7.5, 12.5 ], "texture": "#5", "rotation": 90 },
				"up": { "uv": [ 4.5, 11, 7.5, 12.5 ], "texture": "#5", "rotation": 270 },
				"north": { "uv": [ 11, 15.4375, 12.5, 15.5 ], "texture": "#5" },
				"south": { "uv": [ 11, 15.4375, 12.5, 15.5 ], "texture": "#5" },
				"west": { "uv": [ 4.5, 15.4375, 7.5, 15.5 ], "texture": "#5" },
				"east": { "uv": [ 4.5, 15.4375, 7.5, 15.5 ], "texture": "#5" }
			}
		},
		{
			"from": [ 9, 0.5, 8 ],
			"to": [ 10.5, 0.5625, 10 ],
			"faces": {
				"down": { "uv": [ 6, 9, 8, 10.5 ], "texture": "#5", "rotation": 90 },
				"up": { "uv": [ 6, 9, 8, 10.5 ], "texture": "#5", "rotation": 270 },
				"north": { "uv": [ 9, 15.4375, 10.5, 15.5 ], "texture": "#5" },
				"south": { "uv": [ 9, 15.4375, 10.5, 15.5 ], "texture": "#5" },
				"west": { "uv": [ 6, 15.4375, 8, 15.5 ], "texture": "#5" },
				"east": { "uv": [ 6, 15.4375, 8, 15.5 ], "texture": "#5" }
			}
		},
		{
			"from": [ 9, 0.5, 11 ],
			"to": [ 10.5, 0.5625, 11.5 ],
			"faces": {
				"down": { "uv": [ 4.5, 9, 5, 10.5 ], "texture": "#5", "rotation": 90 },
				"up": { "uv": [ 4.5, 9, 5, 10.5 ], "texture": "#5", "rotation": 270 },
				"north": { "uv": [ 9, 15.4375, 10.5, 15.5 ], "texture": "#5" },
				"south": { "uv": [ 9, 15.4375, 10.5, 15.5 ], "texture": "#5" },
				"west": { "uv": [ 4.5, 15.4375, 5, 15.5 ], "texture": "#5" },
				"east": { "uv": [ 4.5, 15.4375, 5, 15.5 ], "texture": "#5" }
			}
		},
		{
			"from": [ 9.5, 0.5, 10.5 ],
			"to": [ 10, 0.5625, 11 ],
			"faces": {
				"down": { "uv": [ 5, 9.5, 5.5, 10 ], "texture": "#5", "rotation": 90 },
				"up": { "uv": [ 5, 9.5, 5.5, 10 ], "texture": "#5", "rotation": 270 },
				"north": { "uv": [ 9.5, 15.4375, 10, 15.5 ], "texture": "#5" },
				"south": { "uv": [ 9.5, 15.4375, 10, 15.5 ], "texture": "#5" },
				"west": { "uv": [ 5, 15.4375, 5.5, 15.5 ], "texture": "#5" },
				"east": { "uv": [ 5, 15.4375, 5.5, 15.5 ], "texture": "#5" }
			}
		},
		{
			"from": [ 13.5, 0, 8 ],
			"to": [ 16, 0.0625, 12 ],
			"faces": {
				"down": { "uv": [ 2.5, 12, 0, 8 ], "texture": "#6" },
				"up": { "uv": [ 13.5, 8, 16, 12 ], "texture": "#6" },
				"north": { "uv": [ 0, 16, 2.5, 16 ], "texture": "#6" },
				"south": { "uv": [ 13.5, 16, 16, 16 ], "texture": "#6" },
				"west": { "uv": [ 8, 16, 12, 16 ], "texture": "#6" },
				"east": { "uv": [ 4, 16, 8, 16 ], "texture": "#6" }
			}
		},
		{
			"from": [ 13.5, -0.0625, 8.5 ],
			"to": [ 15.5, 0.75, 11.625 ],
			"faces": {
				"down": { "uv": [ 8, 6, 6, 2.875 ], "texture": "#3" },
				"up": { "uv": [ 6, 3, 8, 6 ], "texture": "#3" },
				"north": { "uv": [ 0.25, 15.25, 2.25, 16 ], "texture": "#3" },
				"south": { "uv": [ 13.75, 15.25, 15.75, 16 ], "texture": "#3" },
				"west": { "uv": [ 8.3125, 15.25, 11.4375, 16 ], "texture": "#3" },
				"east": { "uv": [ 4.5625, 15.25, 7.6875, 16 ], "texture": "#3" }
			}
		},
		{
			"from": [ 14.75, 0.375, 8.625 ],
			"to": [ 15.0625, 0.875, 9.625 ],
			"faces": {
				"down": { "uv": [ 1.375, 9.375, 1.0625, 8.375 ], "texture": "#1" },
				"up": { "uv": [ 14.625, 8.375, 14.9375, 9.375 ], "texture": "#1" },
				"north": { "uv": [ 1.0625, 15.125, 1.375, 15.625 ], "texture": "#1" },
				"south": { "uv": [ 14.625, 15.125, 14.9375, 15.625 ], "texture": "#1" },
				"west": { "uv": [ 8.375, 15.125, 9.375, 15.625 ], "texture": "#1" },
				"east": { "uv": [ 6.625, 15.125, 7.625, 15.625 ], "texture": "#1" }
			}
		}
	],
	"display": {
		"thirdperson_righthand": {
			"rotation":  [ -24, 74, 106 ],
			"translation":  [ 2.27, -1.13, 3.02 ],
			"scale":  [ 0.85, 0.82, 0.85 ]
		},
		"thirdperson_lefthand": {
			"rotation":  [ -24, 74, 106 ],
			"translation":  [ 2.27, -1.13, 3.02 ],
			"scale":  [ 0.85, 0.82, 0.85 ]
		},
		"firstperson_righthand": {
			"rotation":  [ 0, -135, -27 ],
			"translation":  [ 0, 6.61, 2 ]
		},
		"firstperson_lefthand": {
			"rotation":  [ 0, -135, -27 ],
			"translation":  [ 0, 6.61, 2 ]
		},
		"gui": {
			"rotation":  [ 20, 130, 0 ],
			"translation":  [ 0, 3, 0 ],
			"scale":  [ 0.7, 0.7, 0.7 ]
		},
		"head": {
			"rotation":  [ 1, 0, 0 ],
			"translation":  [ 0, 17.2, 0 ],
			"scale":  [ 1.5, 1.5, 1.5 ]
		},
		"ground": {
			"translation":  [ 0, 5.67, 0 ],
			"scale":  [ 0.5, 0.5, 0.5 ]
		}
	}
}