{
    "__comment": "Model generated using MrCrayfish's Model Creator (http://mrcrayfish.com/modelcreator/)",
    "textures": {
        "particle": "block/quartz_block_bottom",
        "0": "block/quartz_block_bottom",
        "1": "block/anvil",
        "2": "block/cyan_terracotta",
        "3": "block/anvil",
        "4": "block/stone",
        "5": "block/cauldron_inner"
    },
    "elements": [
        {
            "name": "Wall richt",
            "from": [ 13.0, 0.0, 0.0 ], 
            "to": [ 16.0, 16.0, 14.0 ], 
            "faces": {
                "north": { "texture": "#0", "uv": [ 1.0, 0.0, 3.0, 16.0 ] },
                "east": { "texture": "#0", "uv": [ 2.0, 0.0, 15.0, 16.0 ] },
                "south": { "texture": "#0", "uv": [ 1.0, 0.0, 3.0, 16.0 ] },
                "west": { "texture": "#1", "uv": [ 2.0, 0.0, 15.0, 16.0 ] },
                "up": { "texture": "#0", "uv": [ 2.0, 1.0, 15.0, 3.0 ], "rotation": 90 },
                "down": { "texture": "#0", "uv": [ 2.0, 1.0, 15.0, 3.0 ], "rotation": 270 }
            }
        },
        {
            "name": "Wall left",
            "from": [ 0.0, 0.0, 0.0 ], 
            "to": [ 3.0, 16.0, 14.0 ], 
            "faces": {
                "north": { "texture": "#0", "uv": [ 13.0, 0.0, 15.0, 16.0 ] },
                "east": { "texture": "#1", "uv": [ 2.0, 0.0, 16.0, 16.0 ] },
                "south": { "texture": "#0", "uv": [ 13.0, 0.0, 15.0, 16.0 ] },
                "west": { "texture": "#0", "uv": [ 2.0, 0.0, 15.0, 16.0 ] },
                "up": { "texture": "#0", "uv": [ 2.0, 13.0, 15.0, 15.0 ], "rotation": 90 },
                "down": { "texture": "#0", "uv": [ 2.0, 13.0, 15.0, 15.0 ], "rotation": 270 }
            }
        },
        {
            "name": "Body",
            "from": [ 3.0, 13.0, 0.0 ], 
            "to": [ 13.0, 16.0, 14.0 ], 
            "faces": {
                "north": { "texture": "#0", "uv": [ 3.0, 13.0, 13.0, 16.0 ] },
                "east": { "texture": "#0", "uv": [ 2.0, 13.0, 15.0, 16.0 ] },
                "south": { "texture": "#0", "uv": [ 3.0, 13.0, 13.0, 16.0 ] },
                "west": { "texture": "#0", "uv": [ 2.0, 13.0, 15.0, 16.0 ] },
                "up": { "texture": "#0", "uv": [ 2.0, 3.0, 15.0, 13.0 ], "rotation": 90 },
                "down": { "texture": "#1", "uv": [ 2.0, 3.0, 12.0, 17.0 ], "rotation": 270 }
            }
        },
        {
            "name": "Randje onder",
            "from": [ 3.0, 0.0, 0.0 ], 
            "to": [ 13.0, 3.0, 14.0 ], 
            "faces": {
                "north": { "texture": "#0", "uv": [ 3.0, 0.0, 13.0, 3.0 ] },
                "east": { "texture": "#0", "uv": [ 2.0, 0.0, 15.0, 3.0 ] },
                "south": { "texture": "#0", "uv": [ 3.0, 0.0, 13.0, 3.0 ] },
                "west": { "texture": "#0", "uv": [ 2.0, 0.0, 15.0, 3.0 ] },
                "up": { "texture": "#2", "uv": [ 0.0, 0.0, 10.0, 14.0 ] },
                "down": { "texture": "#0", "uv": [ 2.0, 3.0, 15.0, 13.0 ], "rotation": 270 }
            }
        },
        {
            "name": "Element",
            "from": [ 3.0, 1.5, 11.0 ], 
            "to": [ 13.0, 13.0, 14.0 ], 
            "faces": {
                "north": { "texture": "#3", "uv": [ 3.0, 0.0, 13.0, 11.5 ] },
                "east": { "texture": "#3", "uv": [ 14.0, 0.0, 15.0, 13.0 ] },
                "south": { "texture": "#3", "uv": [ 3.0, 0.0, 13.0, 13.0 ] },
                "west": { "texture": "#3", "uv": [ 14.0, 0.0, 15.0, 13.0 ] },
                "up": { "texture": "#3", "uv": [ 14.0, 3.0, 15.0, 13.0 ], "rotation": 90 },
                "down": { "texture": "#3", "uv": [ 14.0, 3.0, 15.0, 13.0 ], "rotation": 270 }
            }
        },
        {
            "name": "Knopje",
            "from": [ 2.0, 14.0, -0.3125 ], 
            "to": [ 3.0, 15.0, 0.6875 ], 
            "faces": {
                "north": { "texture": "#3", "uv": [ 13.0, 14.0, 14.0, 15.0 ] },
                "east": { "texture": "#3", "uv": [ 1.0, 14.0, 2.0, 15.0 ] },
                "south": { "texture": "#3", "uv": [ 13.0, 14.0, 14.0, 15.0 ] },
                "west": { "texture": "#3", "uv": [ 1.0, 14.0, 2.0, 15.0 ] },
                "up": { "texture": "#3", "uv": [ 1.0, 13.0, 2.0, 14.0 ], "rotation": 90 },
                "down": { "texture": "#3", "uv": [ 1.0, 13.0, 2.0, 14.0 ], "rotation": 270 }
            }
        },
        {
            "name": "Knopje",
            "from": [ 4.0, 14.0, -0.3125 ], 
            "to": [ 5.0, 15.0, 0.6875 ], 
            "faces": {
                "north": { "texture": "#3", "uv": [ 11.0, 14.0, 12.0, 15.0 ] },
                "east": { "texture": "#3", "uv": [ 1.0, 14.0, 2.0, 15.0 ] },
                "south": { "texture": "#3", "uv": [ 11.0, 14.0, 12.0, 15.0 ] },
                "west": { "texture": "#3", "uv": [ 1.0, 14.0, 2.0, 15.0 ] },
                "up": { "texture": "#3", "uv": [ 1.0, 11.0, 2.0, 12.0 ], "rotation": 90 },
                "down": { "texture": "#3", "uv": [ 1.0, 11.0, 2.0, 12.0 ], "rotation": 270 }
            }
        },
        {
            "name": "Knopje",
            "from": [ 13.0, 14.0, -0.3125 ], 
            "to": [ 14.0, 15.0, 0.6875 ], 
            "faces": {
                "north": { "texture": "#3", "uv": [ 2.0, 14.0, 3.0, 15.0 ] },
                "east": { "texture": "#3", "uv": [ 1.0, 14.0, 2.0, 15.0 ] },
                "south": { "texture": "#3", "uv": [ 2.0, 14.0, 3.0, 15.0 ] },
                "west": { "texture": "#3", "uv": [ 1.0, 14.0, 2.0, 15.0 ] },
                "up": { "texture": "#3", "uv": [ 1.0, 2.0, 2.0, 3.0 ], "rotation": 90 },
                "down": { "texture": "#3", "uv": [ 1.0, 2.0, 2.0, 3.0 ], "rotation": 270 }
            }
        },
        {
            "name": "Ovenrand boven",
            "from": [ 2.0, 11.0, -0.75 ], 
            "to": [ 14.0, 13.0, 0.25 ], 
            "faces": {
                "north": { "texture": "#4", "uv": [ 1.0, 1.0, 13.0, 3.0 ] },
                "east": { "texture": "#4", "uv": [ 0.0, 0.0, 1.0, 2.0 ] },
                "west": { "texture": "#4", "uv": [ 0.0, 0.0, 1.0, 2.0 ] },
                "up": { "texture": "#4", "uv": [ 0.0, 0.0, 1.0, 12.0 ], "rotation": 90 },
                "down": { "texture": "#4", "uv": [ 0.0, 0.0, 2.0, 3.0 ], "rotation": 270 }
            }
        },
        {
            "name": "Ovenrand Onder",
            "from": [ 2.0, 1.0, -0.75 ], 
            "to": [ 14.0, 3.0, 0.25 ], 
            "faces": {
                "north": { "texture": "#4", "uv": [ 0.0, 0.0, 12.0, 2.0 ] },
                "east": { "texture": "#4", "uv": [ 0.0, 0.0, 1.0, 2.0 ] },
                "west": { "texture": "#4", "uv": [ 0.0, 0.0, 1.0, 2.0 ] },
                "up": { "texture": "#4", "uv": [ 0.0, 0.0, 1.0, 12.0 ], "rotation": 90 },
                "down": { "texture": "#4", "uv": [ 0.0, 0.0, 1.0, 12.0 ], "rotation": 270 }
            }
        },
        {
            "name": "Ovenrand rechts",
            "from": [ 12.0, 3.0, -0.75 ], 
            "to": [ 14.0, 11.0, 0.25 ], 
            "faces": {
                "north": { "texture": "#4", "uv": [ 0.0, 0.0, 2.0, 8.0 ] },
                "east": { "texture": "#4", "uv": [ 0.0, 0.0, 1.0, 8.0 ] },
                "west": { "texture": "#4", "uv": [ 0.0, 0.0, 1.0, 8.0 ] }
            }
        },
        {
            "name": "Ovenrand links",
            "from": [ 2.0, 3.0, -0.75 ], 
            "to": [ 4.0, 11.0, 0.25 ], 
            "faces": {
                "north": { "texture": "#4", "uv": [ 0.0, 0.0, 2.0, 8.0 ] },
                "east": { "texture": "#4", "uv": [ 0.0, 0.0, 1.0, 8.0 ] },
                "west": { "texture": "#4", "uv": [ 0.0, 0.0, 1.0, 8.0 ] }
            }
        },
        {
            "name": "Element",
            "from": [ 3.0, 4.0, 1.0 ], 
            "to": [ 13.0, 5.0, 11.0 ], 
            "faces": {
                "up": { "texture": "#3", "uv": [ 0.0, 0.0, 16.0, 16.0 ], "rotation": 90 }
            }
        },
        {
            "name": "Element",
            "from": [ 3.0, 7.0, 1.0 ], 
            "to": [ 13.0, 8.0, 11.0 ], 
            "faces": {
                "up": { "texture": "#3", "uv": [ 0.0, 0.0, 16.0, 16.0 ], "rotation": 90 }
            }
        },
        {
            "name": "Pit 1",
            "from": [ 8.5, 15.3125, 1.0 ], 
            "to": [ 13.5, 16.3125, 6.0 ], 
            "faces": {
                "north": { "texture": "#5", "uv": [ 0.0, 0.0, 4.0, 1.0 ] },
                "east": { "texture": "#5", "uv": [ 0.0, 0.0, 4.0, 1.0 ] },
                "south": { "texture": "#5", "uv": [ 0.0, 0.0, 4.0, 1.0 ] },
                "west": { "texture": "#5", "uv": [ 0.0, 0.0, 4.0, 1.0 ] },
                "up": { "texture": "#5", "uv": [ 0.0, 0.0, 5.0, 5.0 ], "rotation": 90 }
            }
        },
        {
            "name": "Pit 2",
            "from": [ 2.5, 15.3125, 1.0 ], 
            "to": [ 7.5, 16.3125, 6.0 ], 
            "faces": {
                "north": { "texture": "#5", "uv": [ 0.0, 0.0, 4.0, 1.0 ] },
                "east": { "texture": "#5", "uv": [ 0.0, 0.0, 4.0, 1.0 ] },
                "south": { "texture": "#5", "uv": [ 0.0, 0.0, 4.0, 1.0 ] },
                "west": { "texture": "#5", "uv": [ 0.0, 0.0, 4.0, 1.0 ] },
                "up": { "texture": "#5", "uv": [ 0.0, 0.0, 5.0, 5.0 ], "rotation": 90 }
            }
        },
        {
            "name": "Pit 3",
            "from": [ 2.5, 15.3125, 7.0 ], 
            "to": [ 7.5, 16.3125, 12.0 ], 
            "faces": {
                "north": { "texture": "#5", "uv": [ 0.0, 0.0, 4.0, 1.0 ] },
                "east": { "texture": "#5", "uv": [ 0.0, 0.0, 4.0, 1.0 ] },
                "south": { "texture": "#5", "uv": [ 0.0, 0.0, 4.0, 1.0 ] },
                "west": { "texture": "#5", "uv": [ 0.0, 0.0, 4.0, 1.0 ] },
                "up": { "texture": "#5", "uv": [ 0.0, 0.0, 5.0, 5.0 ], "rotation": 90 }
            }
        },
        {
            "name": "Pit 4",
            "from": [ 8.5, 15.3125, 7.0 ], 
            "to": [ 13.5, 16.3125, 12.0 ], 
            "faces": {
                "north": { "texture": "#5", "uv": [ 0.0, 0.0, 4.0, 1.0 ] },
                "east": { "texture": "#5", "uv": [ 0.0, 0.0, 4.0, 1.0 ] },
                "south": { "texture": "#5", "uv": [ 0.0, 0.0, 4.0, 1.0 ] },
                "west": { "texture": "#5", "uv": [ 0.0, 0.0, 4.0, 1.0 ] },
                "up": { "texture": "#5", "uv": [ 0.0, 0.0, 5.0, 5.0 ], "rotation": 90 }
            }
        },
        {
            "name": "Back",
            "from": [ 0.0, 0.0, 14.0 ], 
            "to": [ 16.0, 16.0, 16.0 ], 
            "faces": {
                "north": { "texture": "#0", "uv": [ 0.0, 0.0, 16.0, 16.0 ] },
                "east": { "texture": "#0", "uv": [ 0.0, 0.0, 2.0, 16.0 ] },
                "south": { "texture": "#0", "uv": [ 0.0, 0.0, 14.100000381469727, 16.0 ] },
                "west": { "texture": "#0", "uv": [ 0.0, 0.0, 2.0, 16.0 ] },
                "up": { "texture": "#0", "uv": [ 0.0, 0.0, 2.0, 14.100000381469727 ], "rotation": 90 },
                "down": { "texture": "#0", "uv": [ 0.0, 0.0, -2.0, 14.1 ], "rotation": 270 }
            }
        },
        {
            "name": "Btton",
            "from": [ 6.0, 14.0, -0.3125 ], 
            "to": [ 7.0, 15.0, 0.6875 ], 
            "faces": {
                "north": { "texture": "#3", "uv": [ 13.0, 14.0, 14.0, 15.0 ] },
                "east": { "texture": "#3", "uv": [ 1.0, 14.0, 2.0, 15.0 ] },
                "south": { "texture": "#3", "uv": [ 13.0, 14.0, 14.0, 15.0 ] },
                "west": { "texture": "#3", "uv": [ 1.0, 14.0, 2.0, 15.0 ] },
                "up": { "texture": "#3", "uv": [ 1.0, 13.0, 2.0, 14.0 ], "rotation": 90 },
                "down": { "texture": "#3", "uv": [ 1.0, 13.0, 2.0, 14.0 ], "rotation": 270 }
            }
        },
        {
            "name": "Button 1",
            "from": [ 8.0, 14.0, -0.3125 ], 
            "to": [ 9.0, 15.0, 0.6875 ], 
            "faces": {
                "north": { "texture": "#3", "uv": [ 13.0, 14.0, 14.0, 15.0 ] },
                "east": { "texture": "#3", "uv": [ 1.0, 14.0, 2.0, 15.0 ] },
                "south": { "texture": "#3", "uv": [ 13.0, 14.0, 14.0, 15.0 ] },
                "west": { "texture": "#3", "uv": [ 1.0, 14.0, 2.0, 15.0 ] },
                "up": { "texture": "#3", "uv": [ 1.0, 13.0, 2.0, 14.0 ], "rotation": 90 },
                "down": { "texture": "#3", "uv": [ 1.0, 13.0, 2.0, 14.0 ], "rotation": 270 }
            }
        },
        {
            "name": "Handvast",
            "from": [ 6.0, 11.5, -1.0 ], 
            "to": [ 10.0, 12.5, 0.0 ], 
            "faces": {
                "north": { "texture": "#4", "uv": [ 1.0, 1.0, 5.0, 2.0 ] },
                "east": { "texture": "#4", "uv": [ 0.0, 0.0, 1.0, 1.0 ] },
                "south": { "texture": "#4", "uv": [ 0.0, 0.0, 4.0, 1.0 ] },
                "west": { "texture": "#4", "uv": [ 0.0, 0.0, 1.0, 1.0 ] },
                "up": { "texture": "#4", "uv": [ 0.0, 0.0, 0.0, 6.0 ], "rotation": 90 },
                "down": { "texture": "#4", "uv": [ 0.0, 0.0, 1.0, 4.0 ], "rotation": 270 }
            }
        }
    ]
}