{
"__comment": "Designed by Sibsib92 with BDcraft Cubik PRO 0.92 Beta - http://bdcraft.net",
"textures": {
    "particle": "block/jukebox_side",
    "diamond": "block/diamond_block",
    "texture": "block/cauldron_inner",
    "iron": "block/iron_block",
    "gray": "block/cyan_terracotta",
    "yellow": "block/yellow_wool",
    "magenta": "block/magenta_wool",
    "purple": "block/purple_wool",
    "lime": "block/lime_wool",
    "blue": "block/blue_wool",
    "red": "block/red_wool",
    "light_blue": "block/light_blue_wool"
},
"elements": [ 
{
    "__comment": "Diamond",
    "from": [ 8.5, 15, 4.75 ],
    "to": [ 9, 15.5, 5.0625 ],
    "faces": {
        "north": { "uv": [ 7.5, 7, 7, 7.5 ], "texture": "#diamond" },
        "south": { "uv": [ 7.5, 7.5, 8, 8 ], "texture": "#diamond" },
        "west":  { "uv": [ 8, 7.5, 8.5, 8 ], "texture": "#diamond" }
    }
},
{
    "__comment": "Frame",
    "from": [ 1, 15, 0 ],
    "to": [ 15, 16, 1 ],
    "shade": false,
    "faces": {
        "down":  { "uv": [ 15, 1, 1, 0 ], "texture": "#particle" },
        "up":    { "uv": [ 1, 0, 15, 1 ], "texture": "#particle" },
        "north": { "uv": [ 1, 0, 15, 1 ], "texture": "#particle" },
        "south": { "uv": [ 1, 0, 15, 1 ], "texture": "#particle" }
    }
},
{
    "__comment": "Frame",
    "from": [ 15, 15, 1 ],
    "to": [ 16, 16, 15 ],
    "shade": false,
    "faces": {
        "down":  { "uv": [ 1, 15, 0, 1 ], "texture": "#particle" },
        "up":    { "uv": [ 15, 1, 16, 15 ], "texture": "#particle" },
        "west":  { "uv": [ 1, 0, 15, 1 ], "texture": "#particle" },
        "east":  { "uv": [ 1, 0, 15, 1 ], "texture": "#particle" }
    }
},
{
    "__comment": "Frame",
    "from": [ 1, 15, 15 ],
    "to": [ 15, 16, 16 ],
    "shade": false,
    "faces": {
        "down":  { "uv": [ 15, 16, 1, 15 ], "texture": "#particle" },
        "up":    { "uv": [ 1, 15, 15, 16 ], "texture": "#particle" },
        "north": { "uv": [ 1, 0, 15, 1 ], "texture": "#particle" },
        "south": { "uv": [ 1, 0, 15, 1 ], "texture": "#particle" }
    }
},
{
    "__comment": "Frame",
    "from": [ 0, 15, 1 ],
    "to": [ 1, 16, 15 ],
    "shade": false,
    "faces": {
        "down":  { "uv": [ 16, 15, 15, 1 ], "texture": "#particle" },
        "up":    { "uv": [ 0, 1, 1, 15 ], "texture": "#particle" },
        "west":  { "uv": [ 1, 0, 15, 1 ], "texture": "#particle" },
        "east":  { "uv": [ 1, 0, 15, 1 ], "texture": "#particle" }
    }
},
{
    "__comment": "Frame",
    "from": [ 0, 1, 15 ],
    "to": [ 1, 16, 16 ],
    "shade": false,
    "faces": {
        "up":    { "uv": [ 0, 15, 1, 16 ], "texture": "#particle" },
        "north": { "uv": [ 15, 0, 16, 15 ], "texture": "#particle" },
        "south": { "uv": [ 0, 0, 1, 15 ], "texture": "#particle" },
        "west":  { "uv": [ 15, 0, 16, 15 ], "texture": "#particle" },
        "east":  { "uv": [ 0, 0, 1, 15 ], "texture": "#particle" }
    }
},
{
    "__comment": "Frame",
    "from": [ 15, 1, 0 ],
    "to": [ 16, 16, 1 ],
    "shade": false,
    "faces": {
        "up":    { "uv": [ 15, 0, 16, 1 ], "texture": "#particle" },
        "north": { "uv": [ 0, 0, 1, 15 ], "texture": "#particle" },
        "south": { "uv": [ 15, 0, 16, 15 ], "texture": "#particle" },
        "west":  { "uv": [ 0, 0, 1, 15 ], "texture": "#particle" },
        "east":  { "uv": [ 15, 0, 16, 15 ], "texture": "#particle" }
    }
},
{
    "__comment": "Frame",
    "from": [ 15, 1, 15 ],
    "to": [ 16, 16, 16 ],
    "shade": false,
    "faces": {
        "up":    { "uv": [ 15, 15, 16, 16 ], "texture": "#particle" },
        "north": { "uv": [ 0, 0, 1, 15 ], "texture": "#particle" },
        "south": { "uv": [ 15, 0, 16, 15 ], "texture": "#particle" },
        "west":  { "uv": [ 15, 0, 16, 15 ], "texture": "#particle" },
        "east":  { "uv": [ 0, 0, 1, 15 ], "texture": "#particle" }
    }
},
{
    "__comment": "Frame",
    "from": [ 0, 1, 0 ],
    "to": [ 1, 16, 1 ],
    "shade": false,
    "faces": {
        "up":    { "uv": [ 0, 0, 1, 1 ], "texture": "#particle" },
        "north": { "uv": [ 15, 0, 16, 15 ], "texture": "#particle" },
        "south": { "uv": [ 0, 0, 1, 15 ], "texture": "#particle" },
        "west":  { "uv": [ 0, 0, 1, 15 ], "texture": "#particle" },
        "east":  { "uv": [ 15, 0, 16, 15 ], "texture": "#particle" }
    }
},
{
    "__comment": "Sides",
    "from": [ 0.5, 0.5, 15 ],
    "to": [ 15.5, 15, 15.5 ],
    "shade": false,
    "faces": {
        "down":  { "uv": [ 15.5, 15.5, 0.5, 15 ], "texture": "#particle" },
        "up":    { "uv": [ 0.5, 15, 15.5, 15.5 ], "texture": "#particle" },
        "north": { "uv": [ 0.5, 1, 15.5, 15.5 ], "texture": "#particle" },
        "south": { "uv": [ 0.5, 1, 15.5, 15.5 ], "texture": "#particle" },
        "west":  { "uv": [ 15, 1, 15.5, 15.5 ], "texture": "#particle" },
        "east":  { "uv": [ 0.5, 1, 1, 15.5 ], "texture": "#particle" }
    }
},
{
    "__comment": "Sides",
    "from": [ 0.5, 0.5, 0.5 ],
    "to": [ 15.5, 15, 1 ],
    "shade": false,
    "faces": {
        "down":  { "uv": [ 15.5, 1, 0.5, 0.5 ], "texture": "#particle" },
        "up":    { "uv": [ 0.5, 0.5, 15.5, 1 ], "texture": "#particle" },
        "north": { "uv": [ 0.5, 1, 15.5, 15.5 ], "texture": "#particle" },
        "south": { "uv": [ 0.5, 1, 15.5, 15.5 ], "texture": "#particle" },
        "west":  { "uv": [ 0.5, 1, 1, 15.5 ], "texture": "#particle" },
        "east":  { "uv": [ 15, 1, 15.5, 15.5 ], "texture": "#particle" }
    }
},
{
    "__comment": "Sides",
    "from": [ 15, 0.5, 1 ],
    "to": [ 15.5, 15, 15 ],
    "shade": false,
    "faces": {
        "down":  { "uv": [ 1, 15, 0.5, 1 ], "texture": "#particle" },
        "west":  { "uv": [ 1, 1, 15, 15.5 ], "texture": "#particle" },
        "east":  { "uv": [ 1, 1, 15, 15.5 ], "texture": "#particle" }
    }
},
{
    "__comment": "Sides",
    "from": [ 0.5, 0.5, 1 ],
    "to": [ 1, 15, 15 ],
    "shade": false,
    "faces": {
        "down":  { "uv": [ 15.5, 15, 15, 1 ], "texture": "#particle" },
        "west":  { "uv": [ 1, 1, 15, 15.5 ], "texture": "#particle" },
        "east":  { "uv": [ 1, 1, 15, 15.5 ], "texture": "#particle" }
    }
},
{
    "__comment": "Sides",
    "from": [ 1, 1, 1 ],
    "to": [ 15, 6.5, 15 ],
    "shade": false,
    "faces": {
        "up":    { "uv": [ 1, 1, 15, 15 ], "texture": "#particle" }
    }
},
{
    "__comment": "Iron Dark",
    "from": [ 3.25, 13.75, 1 ],
    "to": [ 3.75, 14.25, 4.5 ],
    "faces": {
        "down":  { "uv": [ 12.75, 4.5, 12.25, 1 ], "texture": "#texture" },
        "up":    { "uv": [ 3.25, 1, 3.75, 4.5 ], "texture": "#texture" },
        "south": { "uv": [ 3.25, 1.75, 3.75, 2.25 ], "texture": "#texture" },
        "west":  { "uv": [ 1, 1.75, 4.5, 2.25 ], "texture": "#texture" },
        "east":  { "uv": [ 11.5, 1.75, 15, 2.25 ], "texture": "#texture" }
    }
},
{
    "__comment": "Iron Dark",
    "from": [ 1, 13.75, 3.25 ],
    "to": [ 4.5, 14.25, 3.75 ],
    "faces": {
        "down":  { "uv": [ 15, 3.75, 11.5, 3.25 ], "texture": "#texture" },
        "up":    { "uv": [ 1, 3.25, 4.5, 3.75 ], "texture": "#texture" },
        "north": { "uv": [ 11.5, 1.75, 15, 2.25 ], "texture": "#texture" },
        "south": { "uv": [ 1, 1.75, 4.5, 2.25 ], "texture": "#texture" },
        "east":  { "uv": [ 12.25, 1.75, 12.75, 2.25 ], "texture": "#texture" }
    }
},
{
    "__comment": "Iron",
    "from": [ 3, 13, 3 ],
    "to": [ 4, 15, 4 ],
    "faces": {
        "down":  { "uv": [ 13, 4, 12, 3 ], "texture": "#iron" },
        "up":    { "uv": [ 3, 3, 4, 4 ], "texture": "#iron" },
        "north": { "uv": [ 12, 1, 13, 3 ], "texture": "#iron" },
        "south": { "uv": [ 3, 1, 4, 3 ], "texture": "#iron" },
        "west":  { "uv": [ 3, 1, 4, 3 ], "texture": "#iron" },
        "east":  { "uv": [ 12, 1, 13, 3 ], "texture": "#iron" }
    }
},
{
    "__comment": "Iron",
    "from": [ 3.25, 12.5, 3.25 ],
    "to": [ 3.75, 15.5, 3.75 ],
    "faces": {
        "down":  { "uv": [ 12.75, 3.75, 12.25, 3.25 ], "texture": "#texture" },
        "north": { "uv": [ 12.25, 0.5, 12.75, 3.5 ], "texture": "#texture" },
        "south": { "uv": [ 3.25, 0.5, 3.75, 3.5 ], "texture": "#texture" },
        "west":  { "uv": [ 3.25, 0.5, 3.75, 3.5 ], "texture": "#texture" },
        "east":  { "uv": [ 12.25, 0.5, 12.75, 3.5 ], "texture": "#texture" }
    }
},
{
    "__comment": "Iron",
    "from": [ 7.75, 6.5, 7.75 ],
    "to": [ 8.25, 16, 8.25 ],
    "faces": {
        "up":    { "uv": [ 7.75, 7.75, 8.25, 8.25 ], "texture": "#iron" },
        "north": { "uv": [ 7.75, 0, 8.25, 9.5 ], "texture": "#iron" },
        "south": { "uv": [ 7.75, 0, 8.25, 9.5 ], "texture": "#iron" },
        "west":  { "uv": [ 7.75, 0, 8.25, 9.5 ], "texture": "#iron" },
        "east":  { "uv": [ 7.75, 0, 8.25, 9.5 ], "texture": "#iron" }
    }
},
{
    "__comment": "BOT",
    "from": [ 0, 0, 0 ],
    "to": [ 16, 1, 16 ],
    "faces": {
        "down":  { "uv": [ 16, 16, 0, 0 ], "texture": "#particle" },
        "up":    { "uv": [ 0, 0, 16, 16 ], "texture": "#particle" },
        "north": { "uv": [ 0, 15, 16, 16 ], "texture": "#particle" },
        "south": { "uv": [ 0, 15, 16, 16 ], "texture": "#particle" },
        "west":  { "uv": [ 0, 15, 16, 16 ], "texture": "#particle" },
        "east":  { "uv": [ 0, 15, 16, 16 ], "texture": "#particle" }
    }
},
{
    "__comment": "Arm",
    "from": [ 1.5, 15.5, 3.25 ],
    "to": [ 6, 16, 3.75 ],
    "faces": {
        "down":  { "uv": [ 14.5, 3.75, 10, 3.25 ], "texture": "#iron" },
        "up":    { "uv": [ 1.5, 3.25, 6, 3.75 ], "texture": "#iron" },
        "north": { "uv": [ 10, 0, 14.5, 0.5 ], "texture": "#iron" },
        "south": { "uv": [ 1.5, 0, 6, 0.5 ], "texture": "#iron" },
        "west":  { "uv": [ 3.25, 0, 3.75, 0.5 ], "texture": "#iron" },
        "east":  { "uv": [ 12.25, 0, 12.75, 0.5 ], "texture": "#iron" }
    }
},
{
    "__comment": "Arm",
    "from": [ 5, 15.5, 3.75 ],
    "to": [ 8.5, 16, 4.25 ],
    "faces": {
        "down":  { "uv": [ 11, 4.25, 7.5, 3.75 ], "texture": "#iron" },
        "up":    { "uv": [ 5, 3.75, 8.5, 4.25 ], "texture": "#iron" },
        "north": { "uv": [ 7.5, 0, 11, 0.5 ], "texture": "#iron" },
        "south": { "uv": [ 5, 0, 8.5, 0.5 ], "texture": "#iron" },
        "west":  { "uv": [ 3.75, 0, 4.25, 0.5 ], "texture": "#iron" },
        "east":  { "uv": [ 11.75, 0, 12.25, 0.5 ], "texture": "#iron" }
    }
},
{
    "__comment": "Arm",
    "from": [ 7.5, 15.5, 4.25 ],
    "to": [ 9.5, 16, 5.25 ],
    "faces": {
        "down":  { "uv": [ 8.5, 5.25, 6.5, 4.25 ], "texture": "#gray" },
        "up":    { "uv": [ 7.5, 4.25, 9.5, 5.25 ], "texture": "#gray" },
        "north": { "uv": [ 6.5, 0, 8.5, 0.5 ], "texture": "#gray" },
        "south": { "uv": [ 7.5, 0, 9.5, 0.5 ], "texture": "#gray" },
        "west":  { "uv": [ 4.25, 0, 5.25, 0.5 ], "texture": "#gray" },
        "east":  { "uv": [ 10.75, 0, 11.75, 0.5 ], "texture": "#gray" }
    }
},
{
    "__comment": "Disc 1",
    "from": [ 2.75, 6.5, 9 ],
    "to": [ 13.25, 8, 9.375 ],
    "faces": {
        "up":    { "uv": [ 1, 9.75, 15, 10.25 ], "texture": "#texture" },
        "north": { "uv": [ 1, 8, 15, 10 ], "texture": "#texture" },
        "south": { "uv": [ 1, 8, 15, 10 ], "texture": "#texture" },
        "west":  { "uv": [ 9.75, 8, 10.25, 10 ], "texture": "#texture" },
        "east":  { "uv": [ 5.75, 8, 6.25, 10 ], "texture": "#texture" }
    }
},
{
    "__comment": "Disc 1",
    "from": [ 6.5, 6.5, 9 ],
    "to": [ 9.5, 11.75, 9.375 ],
    "faces": {
        "up":    { "uv": [ 6, 9.75, 10, 10.25 ], "texture": "#texture" },
        "north": { "uv": [ 6, 3, 10, 10 ], "texture": "#texture" },
        "south": { "uv": [ 6, 3, 10, 10 ], "texture": "#texture" },
        "west":  { "uv": [ 9.75, 3, 10.25, 10 ], "texture": "#texture" },
        "east":  { "uv": [ 5.75, 3, 6.25, 10 ], "texture": "#texture" }
    }
},
{
    "__comment": "Disc 1",
    "from": [ 5, 6.5, 9 ],
    "to": [ 11, 11, 9.375 ],
    "faces": {
        "up":    { "uv": [ 4, 9.75, 12, 10.25 ], "texture": "#texture" },
        "north": { "uv": [ 4, 4, 12, 10 ], "texture": "#texture" },
        "south": { "uv": [ 4, 4, 12, 10 ], "texture": "#texture" },
        "west":  { "uv": [ 9.75, 4, 10.25, 10 ], "texture": "#texture" },
        "east":  { "uv": [ 5.75, 4, 6.25, 10 ], "texture": "#texture" }
    }
},
{
    "__comment": "Disc 1",
    "from": [ 3.5, 6.5, 9 ],
    "to": [ 12.5, 9.5, 9.375 ],
    "faces": {
        "up":    { "uv": [ 2, 9.75, 14, 10.25 ], "texture": "#texture" },
        "north": { "uv": [ 2, 6, 14, 10 ], "texture": "#texture" },
        "south": { "uv": [ 2, 6, 14, 10 ], "texture": "#texture" },
        "west":  { "uv": [ 9.75, 6, 10.25, 10 ], "texture": "#texture" },
        "east":  { "uv": [ 5.75, 6, 6.25, 10 ], "texture": "#texture" }
    }
},
{
    "__comment": "Disc 1",
    "from": [ 4.25, 6.5, 9 ],
    "to": [ 11.75, 10.25, 9.375 ],
    "faces": {
        "up":    { "uv": [ 3, 9.75, 13, 10.25 ], "texture": "#texture" },
        "north": { "uv": [ 3, 5, 13, 10 ], "texture": "#texture" },
        "south": { "uv": [ 3, 5, 13, 10 ], "texture": "#texture" },
        "west":  { "uv": [ 9.75, 5, 10.25, 10 ], "texture": "#texture" },
        "east":  { "uv": [ 5.75, 5, 6.25, 10 ], "texture": "#texture" }
    }
},
{
    "__comment": "Disc 1",
    "from": [ 7.25, 6.5, 8.75 ],
    "to": [ 8.75, 8, 9.5 ],
    "faces": {
        "up":    { "uv": [ 7, 9.5, 9, 10.5 ], "texture": "#yellow" },
        "north": { "uv": [ 7, 8, 9, 10 ], "texture": "#yellow" },
        "south": { "uv": [ 7, 8, 9, 10 ], "texture": "#yellow" },
        "west":  { "uv": [ 9.5, 8, 10.5, 10 ], "texture": "#yellow" },
        "east":  { "uv": [ 5.5, 8, 6.5, 10 ], "texture": "#yellow" }
    }
},
{
    "__comment": "Disc 1",
    "from": [ 6.5, 6.5, 8.75 ],
    "to": [ 9.5, 7.25, 9.5 ],
    "faces": {
        "up":    { "uv": [ 6, 9.5, 10, 10.5 ], "texture": "#yellow" },
        "north": { "uv": [ 6, 9, 10, 10 ], "texture": "#yellow" },
        "south": { "uv": [ 6, 9, 10, 10 ], "texture": "#yellow" },
        "west":  { "uv": [ 9.5, 9, 10.5, 10 ], "texture": "#yellow" },
        "east":  { "uv": [ 5.5, 9, 6.5, 10 ], "texture": "#yellow" }
    }
},
{
    "__comment": "Disc 2",
    "from": [ 2.75, 6.5, 11 ],
    "to": [ 13.25, 8, 11.375 ],
    "faces": {
        "up":    { "uv": [ 1, 9.75, 15, 10.25 ], "texture": "#texture" },
        "north": { "uv": [ 1, 8, 15, 10 ], "texture": "#texture" },
        "south": { "uv": [ 1, 8, 15, 10 ], "texture": "#texture" },
        "west":  { "uv": [ 9.75, 8, 10.25, 10 ], "texture": "#texture" },
        "east":  { "uv": [ 5.75, 8, 6.25, 10 ], "texture": "#texture" }
    }
},
{
    "__comment": "Disc 2",
    "from": [ 6.5, 6.5, 11 ],
    "to": [ 9.5, 11.75, 11.375 ],
    "faces": {
        "up":    { "uv": [ 6, 9.75, 10, 10.25 ], "texture": "#texture" },
        "north": { "uv": [ 6, 3, 10, 10 ], "texture": "#texture" },
        "south": { "uv": [ 6, 3, 10, 10 ], "texture": "#texture" },
        "west":  { "uv": [ 9.75, 3, 10.25, 10 ], "texture": "#texture" },
        "east":  { "uv": [ 5.75, 3, 6.25, 10 ], "texture": "#texture" }
    }
},
{
    "__comment": "Disc 2",
    "from": [ 5, 6.5, 11 ],
    "to": [ 11, 11, 11.375 ],
    "faces": {
        "up":    { "uv": [ 4, 9.75, 12, 10.25 ], "texture": "#texture" },
        "north": { "uv": [ 4, 4, 12, 10 ], "texture": "#texture" },
        "south": { "uv": [ 4, 4, 12, 10 ], "texture": "#texture" },
        "west":  { "uv": [ 9.75, 4, 10.25, 10 ], "texture": "#texture" },
        "east":  { "uv": [ 5.75, 4, 6.25, 10 ], "texture": "#texture" }
    }
},
{
    "__comment": "Disc 2",
    "from": [ 3.5, 6.5, 11 ],
    "to": [ 12.5, 9.5, 11.375 ],
    "faces": {
        "up":    { "uv": [ 2, 9.75, 14, 10.25 ], "texture": "#texture" },
        "north": { "uv": [ 2, 6, 14, 10 ], "texture": "#texture" },
        "south": { "uv": [ 2, 6, 14, 10 ], "texture": "#texture" },
        "west":  { "uv": [ 9.75, 6, 10.25, 10 ], "texture": "#texture" },
        "east":  { "uv": [ 5.75, 6, 6.25, 10 ], "texture": "#texture" }
    }
},
{
    "__comment": "Disc 2",
    "from": [ 4.25, 6.5, 11 ],
    "to": [ 11.75, 10.25, 11.375 ],
    "faces": {
        "up":    { "uv": [ 3, 9.75, 13, 10.25 ], "texture": "#texture" },
        "north": { "uv": [ 3, 5, 13, 10 ], "texture": "#texture" },
        "south": { "uv": [ 3, 5, 13, 10 ], "texture": "#texture" },
        "west":  { "uv": [ 9.75, 5, 10.25, 10 ], "texture": "#texture" },
        "east":  { "uv": [ 5.75, 5, 6.25, 10 ], "texture": "#texture" }
    }
},
{
    "__comment": "Disc 2",
    "from": [ 7.25, 6.5, 10.75 ],
    "to": [ 8.75, 8, 11.5 ],
    "faces": {
        "up":    { "uv": [ 7, 9.5, 9, 10.5 ], "texture": "#magenta" },
        "north": { "uv": [ 7, 8, 9, 10 ], "texture": "#magenta" },
        "south": { "uv": [ 7, 8, 9, 10 ], "texture": "#magenta" },
        "west":  { "uv": [ 9.5, 8, 10.5, 10 ], "texture": "#magenta" },
        "east":  { "uv": [ 5.5, 8, 6.5, 10 ], "texture": "#magenta" }
    }
},
{
    "__comment": "Disc 2",
    "from": [ 6.5, 6.5, 10.75 ],
    "to": [ 9.5, 7.25, 11.5 ],
    "faces": {
        "up":    { "uv": [ 6, 9.5, 10, 10.5 ], "texture": "#magenta" },
        "north": { "uv": [ 6, 9, 10, 10 ], "texture": "#magenta" },
        "south": { "uv": [ 6, 9, 10, 10 ], "texture": "#magenta" },
        "west":  { "uv": [ 9.5, 9, 10.5, 10 ], "texture": "#magenta" },
        "east":  { "uv": [ 5.5, 9, 6.5, 10 ], "texture": "#magenta" }
    }
},
{
    "__comment": "Disc 3",
    "from": [ 2.75, 6.5, 13 ],
    "to": [ 13.25, 8, 13.375 ],
    "faces": {
        "up":    { "uv": [ 1, 9.75, 15, 10.25 ], "texture": "#texture" },
        "north": { "uv": [ 1, 8, 15, 10 ], "texture": "#texture" },
        "south": { "uv": [ 1, 8, 15, 10 ], "texture": "#texture" },
        "west":  { "uv": [ 9.75, 8, 10.25, 10 ], "texture": "#texture" },
        "east":  { "uv": [ 5.75, 8, 6.25, 10 ], "texture": "#texture" }
    }
},
{
    "__comment": "Disc 3",
    "from": [ 6.5, 6.5, 13 ],
    "to": [ 9.5, 11.75, 13.375 ],
    "faces": {
        "up":    { "uv": [ 6, 9.75, 10, 10.25 ], "texture": "#texture" },
        "north": { "uv": [ 6, 3, 10, 10 ], "texture": "#texture" },
        "south": { "uv": [ 6, 3, 10, 10 ], "texture": "#texture" },
        "west":  { "uv": [ 9.75, 3, 10.25, 10 ], "texture": "#texture" },
        "east":  { "uv": [ 5.75, 3, 6.25, 10 ], "texture": "#texture" }
    }
},
{
    "__comment": "Disc 3",
    "from": [ 5, 6.5, 13 ],
    "to": [ 11, 11, 13.375 ],
    "faces": {
        "up":    { "uv": [ 4, 9.75, 12, 10.25 ], "texture": "#texture" },
        "north": { "uv": [ 4, 4, 12, 10 ], "texture": "#texture" },
        "south": { "uv": [ 4, 4, 12, 10 ], "texture": "#texture" },
        "west":  { "uv": [ 9.75, 4, 10.25, 10 ], "texture": "#texture" },
        "east":  { "uv": [ 5.75, 4, 6.25, 10 ], "texture": "#texture" }
    }
},
{
    "__comment": "Disc 3",
    "from": [ 3.5, 6.5, 13 ],
    "to": [ 12.5, 9.5, 13.375 ],
    "faces": {
        "up":    { "uv": [ 2, 9.75, 14, 10.25 ], "texture": "#texture" },
        "north": { "uv": [ 2, 6, 14, 10 ], "texture": "#texture" },
        "south": { "uv": [ 2, 6, 14, 10 ], "texture": "#texture" },
        "west":  { "uv": [ 9.75, 6, 10.25, 10 ], "texture": "#texture" },
        "east":  { "uv": [ 5.75, 6, 6.25, 10 ], "texture": "#texture" }
    }
},
{
    "__comment": "Disc 3",
    "from": [ 4.25, 6.5, 13 ],
    "to": [ 11.75, 10.25, 13.375 ],
    "faces": {
        "up":    { "uv": [ 3, 9.75, 13, 10.25 ], "texture": "#texture" },
        "north": { "uv": [ 3, 5, 13, 10 ], "texture": "#texture" },
        "south": { "uv": [ 3, 5, 13, 10 ], "texture": "#texture" },
        "west":  { "uv": [ 9.75, 5, 10.25, 10 ], "texture": "#texture" },
        "east":  { "uv": [ 5.75, 5, 6.25, 10 ], "texture": "#texture" }
    }
},
{
    "__comment": "Disc 3",
    "from": [ 7.25, 6.5, 12.75 ],
    "to": [ 8.75, 8, 13.5 ],
    "faces": {
        "up":    { "uv": [ 7, 9.5, 9, 10.5 ], "texture": "#purple" },
        "north": { "uv": [ 7, 8, 9, 10 ], "texture": "#purple" },
        "south": { "uv": [ 7, 8, 9, 10 ], "texture": "#purple" },
        "west":  { "uv": [ 9.5, 8, 10.5, 10 ], "texture": "#purple" },
        "east":  { "uv": [ 5.5, 8, 6.5, 10 ], "texture": "#purple" }
    }
},
{
    "__comment": "Disc 3",
    "from": [ 6.5, 6.5, 12.75 ],
    "to": [ 9.5, 7.25, 13.5 ],
    "faces": {
        "up":    { "uv": [ 6, 9.5, 10, 10.5 ], "texture": "#purple" },
        "north": { "uv": [ 6, 9, 10, 10 ], "texture": "#purple" },
        "south": { "uv": [ 6, 9, 10, 10 ], "texture": "#purple" },
        "west":  { "uv": [ 9.5, 9, 10.5, 10 ], "texture": "#purple" },
        "east":  { "uv": [ 5.5, 9, 6.5, 10 ], "texture": "#purple" }
    }
},
{
    "__comment": "Disc 1*",
    "from": [ 2.75, 6.5, 2.625 ],
    "to": [ 13.25, 8, 3 ],
    "faces": {
        "up":    { "uv": [ 1, 9.75, 15, 10.25 ], "texture": "#texture" },
        "north": { "uv": [ 1, 8, 15, 10 ], "texture": "#texture" },
        "south": { "uv": [ 1, 8, 15, 10 ], "texture": "#texture" },
        "west":  { "uv": [ 9.75, 8, 10.25, 10 ], "texture": "#texture" },
        "east":  { "uv": [ 5.75, 8, 6.25, 10 ], "texture": "#texture" }
    }
},
{
    "__comment": "Disc 1*",
    "from": [ 6.5, 6.5, 2.625 ],
    "to": [ 9.5, 11.75, 3 ],
    "faces": {
        "up":    { "uv": [ 6, 9.75, 10, 10.25 ], "texture": "#texture" },
        "north": { "uv": [ 6, 3, 10, 10 ], "texture": "#texture" },
        "south": { "uv": [ 6, 3, 10, 10 ], "texture": "#texture" },
        "west":  { "uv": [ 9.75, 3, 10.25, 10 ], "texture": "#texture" },
        "east":  { "uv": [ 5.75, 3, 6.25, 10 ], "texture": "#texture" }
    }
},
{
    "__comment": "Disc 1*",
    "from": [ 5, 6.5, 2.625 ],
    "to": [ 11, 11, 3 ],
    "faces": {
        "up":    { "uv": [ 4, 9.75, 12, 10.25 ], "texture": "#texture" },
        "north": { "uv": [ 4, 4, 12, 10 ], "texture": "#texture" },
        "south": { "uv": [ 4, 4, 12, 10 ], "texture": "#texture" },
        "west":  { "uv": [ 9.75, 4, 10.25, 10 ], "texture": "#texture" },
        "east":  { "uv": [ 5.75, 4, 6.25, 10 ], "texture": "#texture" }
    }
},
{
    "__comment": "Disc 1*",
    "from": [ 3.5, 6.5, 2.625 ],
    "to": [ 12.5, 9.5, 3 ],
    "faces": {
        "up":    { "uv": [ 2, 9.75, 14, 10.25 ], "texture": "#texture" },
        "north": { "uv": [ 2, 6, 14, 10 ], "texture": "#texture" },
        "south": { "uv": [ 2, 6, 14, 10 ], "texture": "#texture" },
        "west":  { "uv": [ 9.75, 6, 10.25, 10 ], "texture": "#texture" },
        "east":  { "uv": [ 5.75, 6, 6.25, 10 ], "texture": "#texture" }
    }
},
{
    "__comment": "Disc 1*",
    "from": [ 4.25, 6.5, 2.625 ],
    "to": [ 11.75, 10.25, 3 ],
    "faces": {
        "up":    { "uv": [ 3, 9.75, 13, 10.25 ], "texture": "#texture" },
        "north": { "uv": [ 3, 5, 13, 10 ], "texture": "#texture" },
        "south": { "uv": [ 3, 5, 13, 10 ], "texture": "#texture" },
        "west":  { "uv": [ 9.75, 5, 10.25, 10 ], "texture": "#texture" },
        "east":  { "uv": [ 5.75, 5, 6.25, 10 ], "texture": "#texture" }
    }
},
{
    "__comment": "Disc 1*",
    "from": [ 7.25, 6.5, 2.375 ],
    "to": [ 8.75, 8, 3.125 ],
    "faces": {
        "up":    { "uv": [ 7, 9.5, 9, 10.5 ], "texture": "#lime" },
        "north": { "uv": [ 7, 8, 9, 10 ], "texture": "#lime" },
        "south": { "uv": [ 7, 8, 9, 10 ], "texture": "#lime" },
        "west":  { "uv": [ 9.5, 8, 10.5, 10 ], "texture": "#lime" },
        "east":  { "uv": [ 5.5, 8, 6.5, 10 ], "texture": "#lime" }
    }
},
{
    "__comment": "Disc 1*",
    "from": [ 6.5, 6.5, 2.375 ],
    "to": [ 9.5, 7.25, 3.125 ],
    "faces": {
        "up":    { "uv": [ 6, 9.5, 10, 10.5 ], "texture": "#lime" },
        "north": { "uv": [ 6, 9, 10, 10 ], "texture": "#lime" },
        "south": { "uv": [ 6, 9, 10, 10 ], "texture": "#lime" },
        "west":  { "uv": [ 9.5, 9, 10.5, 10 ], "texture": "#lime" },
        "east":  { "uv": [ 5.5, 9, 6.5, 10 ], "texture": "#lime" }
    }
},
{
    "__comment": "Disc 2*",
    "from": [ 2.75, 6.5, 4.625 ],
    "to": [ 13.25, 8, 5 ],
    "faces": {
        "up":    { "uv": [ 1, 9.75, 15, 10.25 ], "texture": "#texture" },
        "north": { "uv": [ 1, 8, 15, 10 ], "texture": "#texture" },
        "south": { "uv": [ 1, 8, 15, 10 ], "texture": "#texture" },
        "west":  { "uv": [ 9.75, 8, 10.25, 10 ], "texture": "#texture" },
        "east":  { "uv": [ 5.75, 8, 6.25, 10 ], "texture": "#texture" }
    }
},
{
    "__comment": "Disc 2*",
    "from": [ 6.5, 6.5, 4.625 ],
    "to": [ 9.5, 11.75, 5 ],
    "faces": {
        "up":    { "uv": [ 6, 9.75, 10, 10.25 ], "texture": "#texture" },
        "north": { "uv": [ 6, 3, 10, 10 ], "texture": "#texture" },
        "south": { "uv": [ 6, 3, 10, 10 ], "texture": "#texture" },
        "west":  { "uv": [ 9.75, 3, 10.25, 10 ], "texture": "#texture" },
        "east":  { "uv": [ 5.75, 3, 6.25, 10 ], "texture": "#texture" }
    }
},
{
    "__comment": "Disc 2*",
    "from": [ 5, 6.5, 4.625 ],
    "to": [ 11, 11, 5 ],
    "faces": {
        "up":    { "uv": [ 4, 9.75, 12, 10.25 ], "texture": "#texture" },
        "north": { "uv": [ 4, 4, 12, 10 ], "texture": "#texture" },
        "south": { "uv": [ 4, 4, 12, 10 ], "texture": "#texture" },
        "west":  { "uv": [ 9.75, 4, 10.25, 10 ], "texture": "#texture" },
        "east":  { "uv": [ 5.75, 4, 6.25, 10 ], "texture": "#texture" }
    }
},
{
    "__comment": "Disc 2*",
    "from": [ 3.5, 6.5, 4.625 ],
    "to": [ 12.5, 9.5, 5 ],
    "faces": {
        "up":    { "uv": [ 2, 9.75, 14, 10.25 ], "texture": "#texture" },
        "north": { "uv": [ 2, 6, 14, 10 ], "texture": "#texture" },
        "south": { "uv": [ 2, 6, 14, 10 ], "texture": "#texture" },
        "west":  { "uv": [ 9.75, 6, 10.25, 10 ], "texture": "#texture" },
        "east":  { "uv": [ 5.75, 6, 6.25, 10 ], "texture": "#texture" }
    }
},
{
    "__comment": "Disc 2*",
    "from": [ 4.25, 6.5, 4.625 ],
    "to": [ 11.75, 10.25, 5 ],
    "faces": {
        "up":    { "uv": [ 3, 9.75, 13, 10.25 ], "texture": "#texture" },
        "north": { "uv": [ 3, 5, 13, 10 ], "texture": "#texture" },
        "south": { "uv": [ 3, 5, 13, 10 ], "texture": "#texture" },
        "west":  { "uv": [ 9.75, 5, 10.25, 10 ], "texture": "#texture" },
        "east":  { "uv": [ 5.75, 5, 6.25, 10 ], "texture": "#texture" }
    }
},
{
    "__comment": "Disc 2*",
    "from": [ 7.25, 6.5, 4.375 ],
    "to": [ 8.75, 8, 5.125 ],
    "faces": {
        "up":    { "uv": [ 7, 9.5, 9, 10.5 ], "texture": "#blue" },
        "north": { "uv": [ 7, 8, 9, 10 ], "texture": "#blue" },
        "south": { "uv": [ 7, 8, 9, 10 ], "texture": "#blue" },
        "west":  { "uv": [ 9.5, 8, 10.5, 10 ], "texture": "#blue" },
        "east":  { "uv": [ 5.5, 8, 6.5, 10 ], "texture": "#blue" }
    }
},
{
    "__comment": "Disc 2*",
    "from": [ 6.5, 6.5, 4.375 ],
    "to": [ 9.5, 7.25, 5.125 ],
    "faces": {
        "up":    { "uv": [ 6, 9.5, 10, 10.5 ], "texture": "#blue" },
        "north": { "uv": [ 6, 9, 10, 10 ], "texture": "#blue" },
        "south": { "uv": [ 6, 9, 10, 10 ], "texture": "#blue" },
        "west":  { "uv": [ 9.5, 9, 10.5, 10 ], "texture": "#blue" },
        "east":  { "uv": [ 5.5, 9, 6.5, 10 ], "texture": "#blue" }
    }
},
{
    "__comment": "Disc 3*",
    "from": [ 2.75, 6.5, 6.625 ],
    "to": [ 13.25, 8, 7 ],
    "faces": {
        "up":    { "uv": [ 1, 9.75, 15, 10.25 ], "texture": "#texture" },
        "north": { "uv": [ 1, 8, 15, 10 ], "texture": "#texture" },
        "south": { "uv": [ 1, 8, 15, 10 ], "texture": "#texture" },
        "west":  { "uv": [ 9.75, 8, 10.25, 10 ], "texture": "#texture" },
        "east":  { "uv": [ 5.75, 8, 6.25, 10 ], "texture": "#texture" }
    }
},
{
    "__comment": "Disc 3*",
    "from": [ 6.5, 6.5, 6.625 ],
    "to": [ 9.5, 11.75, 7 ],
    "faces": {
        "up":    { "uv": [ 6, 9.75, 10, 10.25 ], "texture": "#texture" },
        "north": { "uv": [ 6, 3, 10, 10 ], "texture": "#texture" },
        "south": { "uv": [ 6, 3, 10, 10 ], "texture": "#texture" },
        "west":  { "uv": [ 9.75, 3, 10.25, 10 ], "texture": "#texture" },
        "east":  { "uv": [ 5.75, 3, 6.25, 10 ], "texture": "#texture" }
    }
},
{
    "__comment": "Disc 3*",
    "from": [ 5, 6.5, 6.625 ],
    "to": [ 11, 11, 7 ],
    "faces": {
        "up":    { "uv": [ 4, 9.75, 12, 10.25 ], "texture": "#texture" },
        "north": { "uv": [ 4, 4, 12, 10 ], "texture": "#texture" },
        "south": { "uv": [ 4, 4, 12, 10 ], "texture": "#texture" },
        "west":  { "uv": [ 9.75, 4, 10.25, 10 ], "texture": "#texture" },
        "east":  { "uv": [ 5.75, 4, 6.25, 10 ], "texture": "#texture" }
    }
},
{
    "__comment": "Disc 3*",
    "from": [ 3.5, 6.5, 6.625 ],
    "to": [ 12.5, 9.5, 7 ],
    "faces": {
        "up":    { "uv": [ 2, 9.75, 14, 10.25 ], "texture": "#texture" },
        "north": { "uv": [ 2, 6, 14, 10 ], "texture": "#texture" },
        "south": { "uv": [ 2, 6, 14, 10 ], "texture": "#texture" },
        "west":  { "uv": [ 9.75, 6, 10.25, 10 ], "texture": "#texture" },
        "east":  { "uv": [ 5.75, 6, 6.25, 10 ], "texture": "#texture" }
    }
},
{
    "__comment": "Disc 3*",
    "from": [ 4.25, 6.5, 6.625 ],
    "to": [ 11.75, 10.25, 7 ],
    "faces": {
        "up":    { "uv": [ 3, 9.75, 13, 10.25 ], "texture": "#texture" },
        "north": { "uv": [ 3, 5, 13, 10 ], "texture": "#texture" },
        "south": { "uv": [ 3, 5, 13, 10 ], "texture": "#texture" },
        "west":  { "uv": [ 9.75, 5, 10.25, 10 ], "texture": "#texture" },
        "east":  { "uv": [ 5.75, 5, 6.25, 10 ], "texture": "#texture" }
    }
},
{
    "__comment": "Disc 3*",
    "from": [ 7.25, 6.5, 6.375 ],
    "to": [ 8.75, 8, 7.125 ],
    "faces": {
        "up":    { "uv": [ 7, 9.5, 9, 10.5 ], "texture": "#red" },
        "north": { "uv": [ 7, 8, 9, 10 ], "texture": "#red" },
        "south": { "uv": [ 7, 8, 9, 10 ], "texture": "#red" },
        "west":  { "uv": [ 9.5, 8, 10.5, 10 ], "texture": "#red" },
        "east":  { "uv": [ 5.5, 8, 6.5, 10 ], "texture": "#red" }
    }
},
{
    "__comment": "Disc 3*",
    "from": [ 6.5, 6.5, 6.375 ],
    "to": [ 9.5, 7.25, 7.125 ],
    "faces": {
        "up":    { "uv": [ 6, 9.5, 10, 10.5 ], "texture": "#red" },
        "north": { "uv": [ 6, 9, 10, 10 ], "texture": "#red" },
        "south": { "uv": [ 6, 9, 10, 10 ], "texture": "#red" },
        "west":  { "uv": [ 9.5, 9, 10.5, 10 ], "texture": "#red" },
        "east":  { "uv": [ 5.5, 9, 6.5, 10 ], "texture": "#red" }
    }
},
{
    "__comment": "Disc Top",
    "from": [ 4.5, 14.5, 4.5 ],
    "to": [ 11.5, 15, 11.5 ],
    "faces": {
        "down":  { "uv": [ 11.5, 11.5, 4.5, 4.5 ], "texture": "#texture" },
        "up":    { "uv": [ 4.5, 4.5, 11.5, 11.5 ], "texture": "#texture" },
        "north": { "uv": [ 4.5, 1, 11.5, 1.5 ], "texture": "#texture" },
        "south": { "uv": [ 4.5, 1, 11.5, 1.5 ], "texture": "#texture" },
        "west":  { "uv": [ 4.5, 1, 11.5, 1.5 ], "texture": "#texture" },
        "east":  { "uv": [ 4.5, 1, 11.5, 1.5 ], "texture": "#texture" }
    }
},
{
    "__comment": "Disc Top",
    "from": [ 3.5, 14.5, 5.5 ],
    "to": [ 12.5, 15, 10.5 ],
    "faces": {
        "down":  { "uv": [ 12.5, 10.5, 3.5, 5.5 ], "texture": "#texture" },
        "up":    { "uv": [ 3.5, 5.5, 12.5, 10.5 ], "texture": "#texture" },
        "north": { "uv": [ 3.5, 1, 12.5, 1.5 ], "texture": "#texture" },
        "south": { "uv": [ 3.5, 1, 12.5, 1.5 ], "texture": "#texture" },
        "west":  { "uv": [ 5.5, 1, 10.5, 1.5 ], "texture": "#texture" },
        "east":  { "uv": [ 5.5, 1, 10.5, 1.5 ], "texture": "#texture" }
    }
},
{
    "__comment": "Disc Top",
    "from": [ 5.5, 14.5, 3.5 ],
    "to": [ 10.5, 15, 12.5 ],
    "faces": {
        "down":  { "uv": [ 10.5, 12.5, 5.5, 3.5 ], "texture": "#texture" },
        "up":    { "uv": [ 5.5, 3.5, 10.5, 12.5 ], "texture": "#texture" },
        "north": { "uv": [ 5.5, 1, 10.5, 1.5 ], "texture": "#texture" },
        "south": { "uv": [ 5.5, 1, 10.5, 1.5 ], "texture": "#texture" },
        "west":  { "uv": [ 3.5, 1, 12.5, 1.5 ], "texture": "#texture" },
        "east":  { "uv": [ 3.5, 1, 12.5, 1.5 ], "texture": "#texture" }
    }
},
{
    "__comment": "Disc Top",
    "from": [ 3, 14.5, 7 ],
    "to": [ 13, 15, 9 ],
    "faces": {
        "down":  { "uv": [ 13, 9, 3, 7 ], "texture": "#texture" },
        "up":    { "uv": [ 3, 7, 13, 9 ], "texture": "#texture" },
        "north": { "uv": [ 3, 1, 13, 1.5 ], "texture": "#texture" },
        "south": { "uv": [ 3, 1, 13, 1.5 ], "texture": "#texture" },
        "west":  { "uv": [ 7, 1, 9, 1.5 ], "texture": "#texture" },
        "east":  { "uv": [ 7, 1, 9, 1.5 ], "texture": "#texture" }
    }
},
{
    "__comment": "Disc Top",
    "from": [ 7, 14.5, 3 ],
    "to": [ 9, 15, 13 ],
    "faces": {
        "down":  { "uv": [ 9, 13, 7, 3 ], "texture": "#texture" },
        "up":    { "uv": [ 7, 3, 9, 13 ], "texture": "#texture" },
        "north": { "uv": [ 7, 1, 9, 1.5 ], "texture": "#texture" },
        "south": { "uv": [ 7, 1, 9, 1.5 ], "texture": "#texture" },
        "west":  { "uv": [ 3, 1, 13, 1.5 ], "texture": "#texture" },
        "east":  { "uv": [ 3, 1, 13, 1.5 ], "texture": "#texture" }
    }
},
{
    "from": [ 7.25, 14.25, 6.5 ],
    "to": [ 8.75, 15.25, 9.5 ],
    "faces": {
        "down":  { "uv": [ 8.75, 9.5, 7.25, 6.5 ], "texture": "#light_blue" },
        "up":    { "uv": [ 7.25, 6.5, 8.75, 9.5 ], "texture": "#light_blue" },
        "north": { "uv": [ 7.25, 0.75, 8.75, 1.75 ], "texture": "#light_blue" },
        "south": { "uv": [ 7.25, 0.75, 8.75, 1.75 ], "texture": "#light_blue" },
        "west":  { "uv": [ 6.5, 0.75, 9.5, 1.75 ], "texture": "#light_blue" },
        "east":  { "uv": [ 6.5, 0.75, 9.5, 1.75 ], "texture": "#light_blue" }
    }
},
{
    "from": [ 6.5, 14.25, 7.25 ],
    "to": [ 9.5, 15.25, 8.75 ],
    "faces": {
        "down":  { "uv": [ 9.5, 8.75, 6.5, 7.25 ], "texture": "#light_blue" },
        "up":    { "uv": [ 6.5, 7.25, 9.5, 8.75 ], "texture": "#light_blue" },
        "north": { "uv": [ 6.5, 0.75, 9.5, 1.75 ], "texture": "#light_blue" },
        "south": { "uv": [ 6.5, 0.75, 9.5, 1.75 ], "texture": "#light_blue" },
        "west":  { "uv": [ 7.25, 0.75, 8.75, 1.75 ], "texture": "#light_blue" },
        "east":  { "uv": [ 7.25, 0.75, 8.75, 1.75 ], "texture": "#light_blue" }
    }
}
],
"display": {
    "firstperson_righthand": {
        "rotation": [ 0, 0, 0 ],
        "translation": [ 0, 0, 0 ],
        "scale": [ 0.6, 0.6, 0.6 ]
    },
    "gui": {
        "rotation": [ 28, 45, 0 ],
        "translation": [ 0, -0.19, 0 ],
        "scale": [ 0.6, 0.6, 0.6 ]
    }
}
}