{
	"__comment": "Updated Version Play.DusDavidGames.NL",
	"textures": {
		"particle": "block/anvil",
		"1": "block/anvil",
		"2": "block/black_wool",
		"3": "block/iron_block",
		"4": "block/quartz_block_bottom",
		"5": "block/andesite",
		"6": "block/cyan_wool"
	},
	"elements": [ 	 
		{
			"__comment": "Element",
			"from": [ 2, 4, 14 ],
			"to": [ 20, 15.5, 14.5 ],
			"rotation": { "origin": [ 2, 4, 14.5 ], "axis": "y", "angle": 45 },
			"faces": {
				"down": { "uv": [ 16, 5, 0, 4.5 ], "texture": "#1" },
				"up": { "uv": [ 0, 4.5, 16, 5 ], "texture": "#1" },
				"north": { "uv": [ 0, 0.5, 16, 12 ], "texture": "#1" },
				"south": { "uv": [ 0, 0.5, 16, 12 ], "texture": "#1" },
				"west": { "uv": [ 4.5, 0.5, 5, 12 ], "texture": "#1" },
				"east": { "uv": [ 11, 0.5, 11.5, 12 ], "texture": "#1" }
			}
		},
		{
			"__comment": "Element",
			"from": [ 10, 0, 10.5 ],
			"to": [ 13, 0.5, 15 ],
			"rotation": { "origin": [ 2, 4, 14.5 ], "axis": "y", "angle": 45 },
			"faces": {
				"down": { "uv": [ 9, 5.5, 6, 1 ], "texture": "#1" },
				"up": { "uv": [ 7, 1, 10, 5.5 ], "texture": "#1" },
				"north": { "uv": [ 6, 15.5, 9, 16 ], "texture": "#1" },
				"south": { "uv": [ 7, 15.5, 10, 16 ], "texture": "#1" },
				"west": { "uv": [ 1, 15.5, 5.5, 16 ], "texture": "#1" },
				"east": { "uv": [ 10.5, 15.5, 15, 16 ], "texture": "#1" }
			}
		},
		{
			"__comment": "Element",
			"from": [ 3.5, 5.5, 13 ],
			"to": [ 18.5, 14.5, 14 ],
			"rotation": { "origin": [ 2, 4, 14.5 ], "axis": "y", "angle": 45 },
			"faces": {
				"down": { "uv": [ 8.5, 0, 6.5, 0 ], "texture": "#1" },
				"up": { "uv": [ 7.5, 0, 9.5, 0 ], "texture": "#1" },
				"north": { "uv": [ 6.5, 9, 8.5, 14.5 ], "texture": "#1" },
				"south": { "uv": [ 7.5, 9, 9.5, 14.5 ], "texture": "#1" },
				"west": { "uv": [ 0, 9, 0, 14.5 ], "texture": "#1" },
				"east": { "uv": [ 16, 9, 16, 14.5 ], "texture": "#1" }
			}
		},
		{
			"__comment": "Element",
			"from": [ 10.8125, 0.5, 11.5 ],
			"to": [ 12.3125, 3.5, 13 ],
			"rotation": { "origin": [ 2, 4, 14.5 ], "axis": "y", "angle": 45 },
			"faces": {
				"down": { "uv": [ 8.5, 3.5, 6.5, 2 ], "texture": "#1" },
				"up": { "uv": [ 7.5, 2, 9.5, 3.5 ], "texture": "#1" },
				"north": { "uv": [ 6.5, 9.5, 8.5, 15 ], "texture": "#1" },
				"south": { "uv": [ 7.5, 9.5, 9.5, 15 ], "texture": "#1" },
				"west": { "uv": [ 2, 9.5, 3.5, 15 ], "texture": "#1" },
				"east": { "uv": [ 12.5, 9.5, 14, 15 ], "texture": "#1" }
			}
		},
		{
			"__comment": "Element",
			"from": [ 10.8125, 3, 12 ],
			"to": [ 12.3125, 5.5, 13.5 ],
			"rotation": { "origin": [ 2, 4, 14.5 ], "axis": "y", "angle": 45 },
			"faces": {
				"down": { "uv": [ 8.25, 4, 6.75, 2.5 ], "texture": "#1" },
				"up": { "uv": [ 7.75, 2.5, 9.25, 4 ], "texture": "#1" },
				"north": { "uv": [ 6.75, 10.5, 8.25, 13 ], "texture": "#1" },
				"south": { "uv": [ 7.75, 10.5, 9.25, 13 ], "texture": "#1" },
				"west": { "uv": [ 2.5, 10.5, 4, 13 ], "texture": "#1" },
				"east": { "uv": [ 12, 10.5, 13.5, 13 ], "texture": "#1" }
			}
		},
		{
			"__comment": "Element",
			"from": [ 10.8125, 4.5, 12.5 ],
			"to": [ 12.3125, 6, 14 ],
			"rotation": { "origin": [ 2, 4, 14.5 ], "axis": "y", "angle": 45 },
			"faces": {
				"down": { "uv": [ 8.25, 4.5, 6.75, 3 ], "texture": "#1" },
				"up": { "uv": [ 7.75, 3, 9.25, 4.5 ], "texture": "#1" },
				"north": { "uv": [ 6.75, 10, 8.25, 11.5 ], "texture": "#1" },
				"south": { "uv": [ 7.75, 10, 9.25, 11.5 ], "texture": "#1" },
				"west": { "uv": [ 3, 10, 4.5, 11.5 ], "texture": "#1" },
				"east": { "uv": [ 11.5, 10, 13, 11.5 ], "texture": "#1" }
			}
		},
		{
			"__comment": "Element",
			"from": [ 2, 15, 14.5 ],
			"to": [ 20, 15.5, 14.5625 ],
			"rotation": { "origin": [ 2, 4, 14.5 ], "axis": "y", "angle": 45 },
			"faces": {
				"down": { "uv": [ 16, 7.5, 0, 7 ], "texture": "#1" },
				"up": { "uv": [ 0, 7, 16, 7.5 ], "texture": "#1" },
				"north": { "uv": [ 0, 0, 16, 1 ], "texture": "#1" },
				"south": { "uv": [ 0, 0, 16, 1 ], "texture": "#1" },
				"west": { "uv": [ 7, 0, 7.5, 1 ], "texture": "#1" },
				"east": { "uv": [ 8.5, 0, 9, 1 ], "texture": "#1" }
			}
		},
		{
			"__comment": "Element",
			"from": [ 2, 4, 14.5 ],
			"to": [ 20, 5, 14.5625 ],
			"rotation": { "origin": [ 2, 4, 14.5 ], "axis": "y", "angle": 45 },
			"faces": {
				"down": { "uv": [ 16, 7.5, 0, 7 ], "texture": "#1" },
				"up": { "uv": [ 0, 7, 16, 7.5 ], "texture": "#1" },
				"north": { "uv": [ 0, 0, 16, 1 ], "texture": "#1" },
				"south": { "uv": [ 0, 0, 16, 1 ], "texture": "#1" },
				"west": { "uv": [ 7, 0, 7.5, 1 ], "texture": "#1" },
				"east": { "uv": [ 8.5, 0, 9, 1 ], "texture": "#1" }
			}
		},
		{
			"__comment": "Element",
			"from": [ 19.5001, 5, 14.5 ],
			"to": [ 20.0001, 15, 14.5625 ],
			"rotation": { "origin": [ 2, 4, 14.5 ], "axis": "y", "angle": 45 },
			"faces": {
				"down": { "uv": [ 16, 7.5, 0, 7 ], "texture": "#1" },
				"up": { "uv": [ 0, 7, 16, 7.5 ], "texture": "#1" },
				"north": { "uv": [ 0, 0, 16, 1 ], "texture": "#1" },
				"south": { "uv": [ 0, 0, 16, 1 ], "texture": "#1" },
				"west": { "uv": [ 7, 0, 7.5, 1 ], "texture": "#1" },
				"east": { "uv": [ 8.5, 0, 9, 1 ], "texture": "#1" }
			}
		},
		{
			"__comment": "Element",
			"from": [ 2, 5, 14.5 ],
			"to": [ 2.5, 15, 14.5625 ],
			"rotation": { "origin": [ 2, 4, 14.5 ], "axis": "y", "angle": 45 },
			"faces": {
				"down": { "uv": [ 16, 7.5, 0, 7 ], "texture": "#1" },
				"up": { "uv": [ 0, 7, 16, 7.5 ], "texture": "#1" },
				"north": { "uv": [ 0, 0, 16, 1 ], "texture": "#1" },
				"south": { "uv": [ 0, 0, 16, 1 ], "texture": "#1" },
				"west": { "uv": [ 7, 0, 7.5, 1 ], "texture": "#1" },
				"east": { "uv": [ 8.5, 0, 9, 1 ], "texture": "#1" }
			}
		},
		{
			"__comment": "Element",
			"from": [ 2.5, 5, 14.5 ],
			"to": [ 19.5, 15, 14.5625 ],
			"rotation": { "origin": [ 2, 4, 14.5 ], "axis": "y", "angle": 45 },
			"faces": {
				"down": { "uv": [ 16, 5.0625, 0, 5 ], "texture": "#2" },
				"up": { "uv": [ 0, 5, 16, 5.0625 ], "texture": "#2" },
				"north": { "uv": [ 0.5, 2.5, 15.5, 13 ], "texture": "#2" },
				"south": { "uv": [ 0.5, 3.5, 15.5, 13 ], "texture": "#2" },
				"west": { "uv": [ 5, 1, 5.0625, 11 ], "texture": "#2" },
				"east": { "uv": [ 10.9375, 1, 11, 11 ], "texture": "#2" }
			}
		},
		{
			"__comment": "Element",
			"from": [ 18.5001, 4.25, 14.1875 ],
			"to": [ 19.5001, 4.75, 14.6875 ],
			"rotation": { "origin": [ 2, 4, 14.5 ], "axis": "y", "angle": 45 },
			"faces": {
				"down": { "uv": [ 7.5, 6, 8.5, 7 ], "texture": "#4" },
				"up": { "uv": [ 7.5, 6, 8.5, 7 ], "texture": "#4" },
				"north": { "uv": [ 7.5, 6, 8.5, 7 ], "texture": "#4" },
				"south": { "uv": [ 7.5, 6, 8.5, 7 ], "texture": "#4" },
				"west": { "uv": [ 7.5, 6, 8.5, 7 ], "texture": "#4" },
				"east": { "uv": [ 7.5, 6, 8.5, 7 ], "texture": "#4" }
			}
		}
	],
	"display": {
		"gui": {
			"rotation":  [ 30, 45, 0 ],
			"translation":  [ -0.38, 0, 0 ],
			"scale":  [ 0.7, 0.7, 0.7 ]
		},
		"ground": {
			"translation":  [ 0, 7.18, 0 ]
		}
	}
}