{
	"credit": "Made by Nathantjuhh",
	"textures": {
		"0": "block/anvil",
		"1": "block/clay",
		"2": "block/red_terracotta",
		"3": "block/white_concrete",
		"particle": "block/anvil"
	},
	"elements": [
		{
			"from": [19, -14.3, 0.2],
			"to": [20, 5.9, 1.2],
			"rotation": {"angle": 22.5, "axis": "x", "origin": [19.5, -13.8, 0.7]},
			"faces": {
				"north": {"uv": [0, 0, 1, 16], "texture": "#1"},
				"east": {"uv": [0, 0, 1, 16], "texture": "#1"},
				"south": {"uv": [0, 0, 1, 16], "texture": "#1"},
				"west": {"uv": [0, 0, 1, 16], "texture": "#1"},
				"up": {"uv": [0, 0, 1, 1], "texture": "#1"},
				"down": {"uv": [0, 0, 1, 1], "texture": "#1"}
			}
		},
		{
			"from": [19, -15.32763, 9.96623],
			"to": [20, 4.87237, 10.96623],
			"rotation": {"angle": -22.5, "axis": "x", "origin": [19.5, -1.32763, 10.46623]},
			"faces": {
				"north": {"uv": [0, 0, 1, 16], "rotation": 180, "texture": "#1"},
				"east": {"uv": [0, 0, 1, 16], "rotation": 180, "texture": "#1"},
				"south": {"uv": [0, 0, 1, 16], "rotation": 180, "texture": "#1"},
				"west": {"uv": [0, 0, 1, 16], "rotation": 180, "texture": "#1"},
				"up": {"uv": [0, 0, 1, 1], "texture": "#1"},
				"down": {"uv": [0, 0, 1, 1], "texture": "#1"}
			}
		},
		{
			"from": [19, 3.5, 7.4],
			"to": [20, 9, 8.9],
			"faces": {
				"north": {"uv": [0, 0, 1, 5.5], "texture": "#1"},
				"east": {"uv": [0, 0, 1.5, 5.5], "texture": "#1"},
				"south": {"uv": [0, 0, 1, 5.5], "texture": "#1"},
				"west": {"uv": [0, 0, 1.5, 5.5], "texture": "#1"},
				"up": {"uv": [0, 0, 1, 1.5], "texture": "#1"},
				"down": {"uv": [0, 0, 1, 1.5], "texture": "#1"}
			}
		},
		{
			"from": [19.25, -11.1, 2.2],
			"to": [19.75, -10.1, 14.6],
			"faces": {
				"north": {"uv": [0, 0, 0.5, 1], "texture": "#1"},
				"east": {"uv": [0, 0, 12.4, 1], "texture": "#1"},
				"south": {"uv": [0, 0, 0.5, 1], "texture": "#1"},
				"west": {"uv": [0, 0, 12.4, 1], "texture": "#1"},
				"up": {"uv": [0, 0, 0.5, 12.4], "texture": "#1"},
				"down": {"uv": [0, 0, 0.5, 12.4], "texture": "#1"}
			}
		},
		{
			"from": [19.25, -10.6, 7.7],
			"to": [19.75, 3.2, 8.7],
			"faces": {
				"north": {"uv": [0, 0, 0.5, 13.8], "texture": "#1"},
				"east": {"uv": [0, 0, 1, 13.8], "texture": "#1"},
				"south": {"uv": [0, 0, 0.5, 13.8], "texture": "#1"},
				"west": {"uv": [0, 0, 1, 13.8], "texture": "#1"},
				"up": {"uv": [0, 0, 0.5, 1], "texture": "#1"},
				"down": {"uv": [0, 0, 0.5, 1], "texture": "#1"}
			}
		},
		{
			"from": [-4, -14.3, 0.2],
			"to": [-3, 5.9, 1.2],
			"rotation": {"angle": 22.5, "axis": "x", "origin": [-3.5, -13.8, 0.7]},
			"faces": {
				"north": {"uv": [0, 0, 1, 16], "texture": "#1"},
				"east": {"uv": [0, 0, 1, 16], "texture": "#1"},
				"south": {"uv": [0, 0, 1, 16], "texture": "#1"},
				"west": {"uv": [0, 0, 1, 16], "texture": "#1"},
				"up": {"uv": [0, 0, 1, 1], "texture": "#1"},
				"down": {"uv": [0, 0, 1, 1], "texture": "#1"}
			}
		},
		{
			"from": [-4, -15.32763, 9.96623],
			"to": [-3, 4.87237, 10.96623],
			"rotation": {"angle": -22.5, "axis": "x", "origin": [-3.5, -1.32763, 10.46623]},
			"faces": {
				"north": {"uv": [0, 0, 1, 16], "rotation": 180, "texture": "#1"},
				"east": {"uv": [0, 0, 1, 16], "rotation": 180, "texture": "#1"},
				"south": {"uv": [0, 0, 1, 16], "rotation": 180, "texture": "#1"},
				"west": {"uv": [0, 0, 1, 16], "rotation": 180, "texture": "#1"},
				"up": {"uv": [0, 0, 1, 1], "texture": "#1"},
				"down": {"uv": [0, 0, 1, 1], "texture": "#1"}
			}
		},
		{
			"from": [-4, 3.5, 7.4],
			"to": [-3, 9, 8.9],
			"faces": {
				"north": {"uv": [0, 0, 1, 5.5], "texture": "#1"},
				"east": {"uv": [0, 0, 1.5, 5.5], "texture": "#1"},
				"south": {"uv": [0, 0, 1, 5.5], "texture": "#1"},
				"west": {"uv": [0, 0, 1.5, 5.5], "texture": "#1"},
				"up": {"uv": [0, 0, 1, 1.5], "texture": "#1"},
				"down": {"uv": [0, 0, 1, 1.5], "texture": "#1"}
			}
		},
		{
			"from": [-3.75, -11.1, 2.2],
			"to": [-3.25, -10.1, 14.6],
			"faces": {
				"north": {"uv": [0, 0, 0.5, 1], "texture": "#1"},
				"east": {"uv": [0, 0, 12.4, 1], "texture": "#1"},
				"south": {"uv": [0, 0, 0.5, 1], "texture": "#1"},
				"west": {"uv": [0, 0, 12.4, 1], "texture": "#1"},
				"up": {"uv": [0, 0, 0.5, 12.4], "texture": "#1"},
				"down": {"uv": [0, 0, 0.5, 12.4], "texture": "#1"}
			}
		},
		{
			"from": [-3.75, -10.6, 7.7],
			"to": [-3.25, 3.2, 8.7],
			"faces": {
				"north": {"uv": [0, 0, 0.5, 13.8], "texture": "#1"},
				"east": {"uv": [0, 0, 1, 13.8], "texture": "#1"},
				"south": {"uv": [0, 0, 0.5, 13.8], "texture": "#1"},
				"west": {"uv": [0, 0, 1, 13.8], "texture": "#1"},
				"up": {"uv": [0, 0, 0.5, 1], "texture": "#1"},
				"down": {"uv": [0, 0, 0.5, 1], "texture": "#1"}
			}
		},
		{
			"from": [11.75, 4.25, 7.4],
			"to": [19, 8.5, 8.9],
			"faces": {
				"north": {"uv": [0, 0, 7.25, 4.25], "texture": "#3"},
				"east": {"uv": [0, 0, 1.5, 4.25], "texture": "#3"},
				"south": {"uv": [0, 0, 7.25, 4.25], "texture": "#3"},
				"west": {"uv": [0, 0, 1.5, 4.25], "texture": "#3"},
				"up": {"uv": [0, 0, 7.25, 1.5], "texture": "#3"},
				"down": {"uv": [0, 0, 7.25, 1.5], "texture": "#3"}
			}
		},
		{
			"from": [4.25, 4.25, 7.4],
			"to": [11.75, 8.5, 8.9],
			"faces": {
				"north": {"uv": [0, 0, 7.5, 4.25], "texture": "#2"},
				"east": {"uv": [0, 0, 1.5, 4.25], "texture": "#2"},
				"south": {"uv": [0, 0, 7.5, 4.25], "texture": "#2"},
				"west": {"uv": [0, 0, 1.5, 4.25], "texture": "#2"},
				"up": {"uv": [0, 0, 7.5, 1.5], "texture": "#2"},
				"down": {"uv": [0, 0, 7.5, 1.5], "texture": "#2"}
			}
		},
		{
			"from": [-3, 4.25, 7.4],
			"to": [4.25, 8.5, 8.9],
			"faces": {
				"north": {"uv": [0, 0, 7.25, 4.25], "texture": "#3"},
				"east": {"uv": [0, 0, 1.5, 4.25], "texture": "#3"},
				"south": {"uv": [0, 0, 7.25, 4.25], "texture": "#3"},
				"west": {"uv": [0, 0, 1.5, 4.25], "texture": "#3"},
				"up": {"uv": [0, 0, 7.25, 1.5], "texture": "#3"},
				"down": {"uv": [0, 0, 7.25, 1.5], "texture": "#3"}
			}
		},
		{
			"from": [-11.25, 4.25, 7.4],
			"to": [-4, 8.5, 8.9],
			"faces": {
				"north": {"uv": [0, 0, 7.25, 4.25], "texture": "#2"},
				"east": {"uv": [0, 0, 1.5, 4.25], "texture": "#2"},
				"south": {"uv": [0, 0, 7.25, 4.25], "texture": "#2"},
				"west": {"uv": [0, 0, 1.5, 4.25], "texture": "#2"},
				"up": {"uv": [0, 0, 7.25, 1.5], "texture": "#2"},
				"down": {"uv": [0, 0, 7.25, 1.5], "texture": "#2"}
			}
		},
		{
			"from": [20, 4.25, 7.4],
			"to": [27.25, 8.5, 8.9],
			"faces": {
				"north": {"uv": [0, 0, 7.25, 4.25], "texture": "#2"},
				"east": {"uv": [0, 0, 1.5, 4.25], "texture": "#2"},
				"south": {"uv": [0, 0, 7.25, 4.25], "texture": "#2"},
				"west": {"uv": [0, 0, 1.5, 4.25], "texture": "#2"},
				"up": {"uv": [0, 0, 7.25, 1.5], "texture": "#2"},
				"down": {"uv": [0, 0, 7.25, 1.5], "texture": "#2"}
			}
		},
		{
			"from": [-11.25, -2.75, 7.4],
			"to": [-3.75, 1.5, 8.9],
			"faces": {
				"north": {"uv": [0, 0, 7.5, 4.25], "texture": "#2"},
				"east": {"uv": [0, 0, 1.5, 4.25], "texture": "#2"},
				"south": {"uv": [0, 0, 7.5, 4.25], "texture": "#2"},
				"west": {"uv": [0, 0, 1.5, 4.25], "texture": "#2"},
				"up": {"uv": [0, 0, 7.5, 1.5], "texture": "#2"},
				"down": {"uv": [0, 0, 7.5, 1.5], "texture": "#2"}
			}
		},
		{
			"from": [-3.25, -2.75, 7.4],
			"to": [4.25, 1.5, 8.9],
			"faces": {
				"north": {"uv": [0, 0, 7.5, 4.25], "texture": "#3"},
				"east": {"uv": [0, 0, 1.5, 4.25], "texture": "#3"},
				"south": {"uv": [0, 0, 7.5, 4.25], "texture": "#3"},
				"west": {"uv": [0, 0, 1.5, 4.25], "texture": "#3"},
				"up": {"uv": [0, 0, 7.5, 1.5], "texture": "#3"},
				"down": {"uv": [0, 0, 7.5, 1.5], "texture": "#3"}
			}
		},
		{
			"from": [4.25, -2.75, 7.4],
			"to": [11.75, 1.5, 8.9],
			"faces": {
				"north": {"uv": [0, 0, 7.5, 4.25], "texture": "#2"},
				"east": {"uv": [0, 0, 1.5, 4.25], "texture": "#2"},
				"south": {"uv": [0, 0, 7.5, 4.25], "texture": "#2"},
				"west": {"uv": [0, 0, 1.5, 4.25], "texture": "#2"},
				"up": {"uv": [0, 0, 7.5, 1.5], "texture": "#2"},
				"down": {"uv": [0, 0, 7.5, 1.5], "texture": "#2"}
			}
		},
		{
			"from": [11.75, -2.75, 7.4],
			"to": [19.25, 1.5, 8.9],
			"faces": {
				"north": {"uv": [0, 0, 7.5, 4.25], "texture": "#3"},
				"east": {"uv": [0, 0, 1.5, 4.25], "texture": "#3"},
				"south": {"uv": [0, 0, 7.5, 4.25], "texture": "#3"},
				"west": {"uv": [0, 0, 1.5, 4.25], "texture": "#3"},
				"up": {"uv": [0, 0, 7.5, 1.5], "texture": "#3"},
				"down": {"uv": [0, 0, 7.5, 1.5], "texture": "#3"}
			}
		},
		{
			"from": [19.75, -2.75, 7.4],
			"to": [27.25, 1.5, 8.9],
			"faces": {
				"north": {"uv": [0, 0, 7.5, 4.25], "texture": "#2"},
				"east": {"uv": [0, 0, 1.5, 4.25], "texture": "#2"},
				"south": {"uv": [0, 0, 7.5, 4.25], "texture": "#2"},
				"west": {"uv": [0, 0, 1.5, 4.25], "texture": "#2"},
				"up": {"uv": [0, 0, 7.5, 1.5], "texture": "#2"},
				"down": {"uv": [0, 0, 7.5, 1.5], "texture": "#2"}
			}
		},
		{
			"from": [19.5, -3, 7.65],
			"to": [27.75, 1.75, 8.65],
			"faces": {
				"north": {"uv": [0, 0, 8.25, 4.75], "texture": "#0"},
				"east": {"uv": [0, 0, 1, 4.75], "texture": "#0"},
				"south": {"uv": [0, 0, 8.25, 4.75], "texture": "#0"},
				"west": {"uv": [0, 0, 1, 4.75], "texture": "#0"},
				"up": {"uv": [0, 0, 8.25, 1], "texture": "#0"},
				"down": {"uv": [0, 0, 8.25, 1], "texture": "#0"}
			}
		},
		{
			"from": [11.5, -3, 7.65],
			"to": [19.75, 1.75, 8.65],
			"faces": {
				"north": {"uv": [0, 0, 8.25, 4.75], "texture": "#0"},
				"east": {"uv": [0, 0, 1, 4.75], "texture": "#0"},
				"south": {"uv": [0, 0, 8.25, 4.75], "texture": "#0"},
				"west": {"uv": [0, 0, 1, 4.75], "texture": "#0"},
				"up": {"uv": [0, 0, 8.25, 1], "texture": "#0"},
				"down": {"uv": [0, 0, 8.25, 1], "texture": "#0"}
			}
		},
		{
			"from": [4, -3, 7.65],
			"to": [12.25, 1.75, 8.65],
			"faces": {
				"north": {"uv": [0, 0, 8.25, 4.75], "texture": "#0"},
				"east": {"uv": [0, 0, 1, 4.75], "texture": "#0"},
				"south": {"uv": [0, 0, 8.25, 4.75], "texture": "#0"},
				"west": {"uv": [0, 0, 1, 4.75], "texture": "#0"},
				"up": {"uv": [0, 0, 8.25, 1], "texture": "#0"},
				"down": {"uv": [0, 0, 8.25, 1], "texture": "#0"}
			}
		},
		{
			"from": [-3.5, -3, 7.65],
			"to": [4.75, 1.75, 8.65],
			"faces": {
				"north": {"uv": [0, 0, 8.25, 4.75], "texture": "#0"},
				"east": {"uv": [0, 0, 1, 4.75], "texture": "#0"},
				"south": {"uv": [0, 0, 8.25, 4.75], "texture": "#0"},
				"west": {"uv": [0, 0, 1, 4.75], "texture": "#0"},
				"up": {"uv": [0, 0, 8.25, 1], "texture": "#0"},
				"down": {"uv": [0, 0, 8.25, 1], "texture": "#0"}
			}
		},
		{
			"from": [-11.5, -3, 7.65],
			"to": [-3.25, 1.75, 8.65],
			"faces": {
				"north": {"uv": [0, 0, 8.25, 4.75], "texture": "#0"},
				"east": {"uv": [0, 0, 1, 4.75], "texture": "#0"},
				"south": {"uv": [0, 0, 8.25, 4.75], "texture": "#0"},
				"west": {"uv": [0, 0, 1, 4.75], "texture": "#0"},
				"up": {"uv": [0, 0, 8.25, 1], "texture": "#0"},
				"down": {"uv": [0, 0, 8.25, 1], "texture": "#0"}
			}
		},
		{
			"from": [19.5, 4, 7.65],
			"to": [27.75, 8.75, 8.65],
			"faces": {
				"north": {"uv": [0, 0, 8.25, 4.75], "texture": "#0"},
				"east": {"uv": [0, 0, 1, 4.75], "texture": "#0"},
				"south": {"uv": [0, 0, 8.25, 4.75], "texture": "#0"},
				"west": {"uv": [0, 0, 1, 4.75], "texture": "#0"},
				"up": {"uv": [0, 0, 8.25, 1], "texture": "#0"},
				"down": {"uv": [0, 0, 8.25, 1], "texture": "#0"}
			}
		},
		{
			"from": [11.5, 4, 7.65],
			"to": [19.75, 8.75, 8.65],
			"faces": {
				"north": {"uv": [0, 0, 8.25, 4.75], "texture": "#0"},
				"east": {"uv": [0, 0, 1, 4.75], "texture": "#0"},
				"south": {"uv": [0, 0, 8.25, 4.75], "texture": "#0"},
				"west": {"uv": [0, 0, 1, 4.75], "texture": "#0"},
				"up": {"uv": [0, 0, 8.25, 1], "texture": "#0"},
				"down": {"uv": [0, 0, 8.25, 1], "texture": "#0"}
			}
		},
		{
			"from": [4, 4, 7.65],
			"to": [12.25, 8.75, 8.65],
			"faces": {
				"north": {"uv": [0, 0, 8.25, 4.75], "texture": "#0"},
				"east": {"uv": [0, 0, 1, 4.75], "texture": "#0"},
				"south": {"uv": [0, 0, 8.25, 4.75], "texture": "#0"},
				"west": {"uv": [0, 0, 1, 4.75], "texture": "#0"},
				"up": {"uv": [0, 0, 8.25, 1], "texture": "#0"},
				"down": {"uv": [0, 0, 8.25, 1], "texture": "#0"}
			}
		},
		{
			"from": [-3.5, 4, 7.65],
			"to": [4.75, 8.75, 8.65],
			"faces": {
				"north": {"uv": [0, 0, 8.25, 4.75], "texture": "#0"},
				"east": {"uv": [0, 0, 1, 4.75], "texture": "#0"},
				"south": {"uv": [0, 0, 8.25, 4.75], "texture": "#0"},
				"west": {"uv": [0, 0, 1, 4.75], "texture": "#0"},
				"up": {"uv": [0, 0, 8.25, 1], "texture": "#0"},
				"down": {"uv": [0, 0, 8.25, 1], "texture": "#0"}
			}
		},
		{
			"from": [-11.5, 4, 7.65],
			"to": [-3.25, 8.75, 8.65],
			"faces": {
				"north": {"uv": [0, 0, 8.25, 4.75], "texture": "#0"},
				"east": {"uv": [0, 0, 1, 4.75], "texture": "#0"},
				"south": {"uv": [0, 0, 8.25, 4.75], "texture": "#0"},
				"west": {"uv": [0, 0, 1, 4.75], "texture": "#0"},
				"up": {"uv": [0, 0, 8.25, 1], "texture": "#0"},
				"down": {"uv": [0, 0, 8.25, 1], "texture": "#0"}
			}
		}
	],
	"display": {
		"thirdperson_righthand": {
			"scale": [0.375, 0.375, 0.375],
			"rotation": [75, 25, 0],
			"translation": [3, 2.5, 1]
		},
		"thirdperson_lefthand": {
			"scale": [0.375, 0.375, 0.375],
			"rotation": [75, 25, 0],
			"translation": [3, 2.5, 1]
		},
		"firstperson_righthand": {
			"scale": [0.4, 0.4, 0.4],
			"rotation": [0, 25, 0],
			"translation": [4, 4, 0]
		},
		"firstperson_lefthand": {
			"scale": [0.4, 0.4, 0.4],
			"rotation": [0, 25, 0],
			"translation": [4, 4, 0]
		},
		"ground": {
			"scale": [0.25, 0.25, 0.25],
			"translation": [0, 3, 0]
		},
		"gui": {
			"scale": [0.4, 0.4, 0.4],
			"rotation": [30, 22.5, 0],
			"translation": [0, 3.5, 0]
		}
	},
	"groups": [
		{
			"name": "group",
			"children": [0, 1, 2, 3, 4]
		},
		{
			"name": "group",
			"children": [5, 6, 7, 8, 9]
		}, 10, 11, 12, 13, 14, 15, 16, 17, 18, 19, 20, 21, 22, 23, 24, 25, 26, 27, 28, 29]
}