{
	"__comment": "Designed by NathanKuijt - In Order Of DusDavidGames",
	"ambientocclusion": false,
	"textures": {
		"particle": "block/anvil",
		"texture": "block/anvil",
		"structure_block": "block/black_wool",
		"DDG": "block/bone_block_top"
	},
	"elements": [
		{
			"from": [ 5.5, 0, 4.625 ],
			"to": [ 10.25, 1, 11.5 ],
			"faces": {
				"down": { "uv": [ 11.5, 11.625, 6.75, 4.75 ], "texture": "#texture" },
				"up": { "uv": [ 4.5, 4.75, 9.25, 11.625 ], "texture": "#texture" },
				"north": { "uv": [ 6.75, 0, 11.5, 1 ], "texture": "#texture" },
				"south": { "uv": [ 4.5, 0, 9.25, 1 ], "texture": "#texture" },
				"west": { "uv": [ 4.75, 0, 11.625, 1 ], "texture": "#texture" },
				"east": { "uv": [ 4.375, 0, 11.25, 1 ], "texture": "#texture" }
			}
		},
		{
			"from": [ 5, 0.5, 4.5 ],
			"to": [ 6, 2.5, 11.5 ],
			"faces": {
				"down": { "uv": [ 11, 11.5, 10, 4.5 ], "texture": "#texture" },
				"up": { "uv": [ 5, 4.5, 6, 11.5 ], "texture": "#texture" },
				"north": { "uv": [ 10, 13.5, 11, 15.5 ], "texture": "#texture" },
				"south": { "uv": [ 5, 13.5, 6, 15.5 ], "texture": "#texture" },
				"west": { "uv": [ 4.5, 13.5, 11.5, 15.5 ], "texture": "#texture" },
				"east": { "uv": [ 4.5, 13.5, 11.5, 15.5 ], "texture": "#texture" }
			}
		},
		{
			"from": [ 9.5, 0.5, 4.5 ],
			"to": [ 10.5, 2.5, 11.5 ],
			"faces": {
				"down": { "uv": [ 6.5, 11.5, 5.5, 4.5 ], "texture": "#texture" },
				"up": { "uv": [ 9.5, 4.5, 10.5, 11.5 ], "texture": "#texture" },
				"north": { "uv": [ 5.5, 13.5, 6.5, 15.5 ], "texture": "#texture" },
				"south": { "uv": [ 9.5, 13.5, 10.5, 15.5 ], "texture": "#texture" },
				"west": { "uv": [ 4.5, 13.5, 11.5, 15.5 ], "texture": "#texture" },
				"east": { "uv": [ 4.5, 13.5, 11.5, 15.5 ], "texture": "#texture" }
			}
		},
		{
			"from": [ 5, 0.5, 3.5 ],
			"to": [ 10.5, 3.5, 4.5 ],
			"faces": {
				"down": { "uv": [ 8.5, 7.5, 7.5, 0.5 ], "texture": "#texture" },
				"up": { "uv": [ 7.5, 0.5, 8.5, 7.5 ], "texture": "#texture" },
				"north": { "uv": [ 7.5, 13.5, 8.5, 15.5 ], "texture": "#texture" },
				"south": { "uv": [ 7.5, 13.5, 8.5, 15.5 ], "texture": "#texture" },
				"west": { "uv": [ 0.5, 13.5, 7.5, 15.5 ], "texture": "#texture" },
				"east": { "uv": [ 8.5, 13.5, 15.5, 15.5 ], "texture": "#texture" }
			}
		},
		{
			"from": [ 5, 2.5, 4.5 ],
			"to": [ 6, 3.5, 8 ],
			"faces": {
				"down": { "uv": [ 11, 8, 10, 4.5 ], "texture": "#texture" },
				"up": { "uv": [ 5, 4.5, 6, 8 ], "texture": "#texture" },
				"north": { "uv": [ 10, 12.5, 11, 13.5 ], "texture": "#texture" },
				"south": { "uv": [ 5, 12.5, 6, 13.5 ], "texture": "#texture" },
				"west": { "uv": [ 4.5, 12.5, 8, 13.5 ], "texture": "#texture" },
				"east": { "uv": [ 8, 12.5, 11.5, 13.5 ], "texture": "#texture" }
			}
		},
		{
			"from": [ 9.5, 2.5, 4.5 ],
			"to": [ 10.5, 3.5, 8 ],
			"faces": {
				"down": { "uv": [ 11, 8, 10, 4.5 ], "texture": "#texture" },
				"up": { "uv": [ 5, 4.5, 6, 8 ], "texture": "#texture" },
				"north": { "uv": [ 10, 12.5, 11, 13.5 ], "texture": "#texture" },
				"south": { "uv": [ 5, 12.5, 6, 13.5 ], "texture": "#texture" },
				"west": { "uv": [ 4.5, 12.5, 8, 13.5 ], "texture": "#texture" },
				"east": { "uv": [ 8, 12.5, 11.5, 13.5 ], "texture": "#texture" }
			}
		},
		{
			"from": [ 5, 2.5, 8 ],
			"to": [ 6, 3, 10 ],
			"faces": {
				"down": { "uv": [ 11, 10, 10, 8 ], "texture": "#texture" },
				"up": { "uv": [ 5, 8, 6, 10 ], "texture": "#texture" },
				"north": { "uv": [ 10, 13, 11, 13.5 ], "texture": "#texture" },
				"south": { "uv": [ 5, 13, 6, 13.5 ], "texture": "#texture" },
				"west": { "uv": [ 8, 13, 10, 13.5 ], "texture": "#texture" },
				"east": { "uv": [ 6, 13, 8, 13.5 ], "texture": "#texture" }
			}
		},
		{
			"from": [ 9.5, 2.5, 8 ],
			"to": [ 10.5, 3, 10 ],
			"faces": {
				"down": { "uv": [ 6.5, 10, 5.5, 8 ], "texture": "#texture" },
				"up": { "uv": [ 9.5, 8, 10.5, 10 ], "texture": "#texture" },
				"north": { "uv": [ 5.5, 13, 6.5, 13.5 ], "texture": "#texture" },
				"south": { "uv": [ 9.5, 13, 10.5, 13.5 ], "texture": "#texture" },
				"west": { "uv": [ 8, 13, 10, 13.5 ], "texture": "#texture" },
				"east": { "uv": [ 6, 13, 8, 13.5 ], "texture": "#texture" }
			}
		},
		{
			"from": [ 5, 3.5, 3.5 ],
			"to": [ 6, 4, 6 ],
			"faces": {
				"down": { "uv": [ 11, 6, 10, 3.5 ], "texture": "#texture" },
				"up": { "uv": [ 5, 3.5, 6, 6 ], "texture": "#texture" },
				"north": { "uv": [ 10, 12, 11, 12.5 ], "texture": "#texture" },
				"south": { "uv": [ 5, 12, 6, 12.5 ], "texture": "#texture" },
				"west": { "uv": [ 3.5, 12, 6, 12.5 ], "texture": "#texture" },
				"east": { "uv": [ 10, 12, 12.5, 12.5 ], "texture": "#texture" }
			}
		},
		{
			"from": [ 9.5, 3.5, 3.5 ],
			"to": [ 10.5, 4, 6 ],
			"faces": {
				"down": { "uv": [ 6.5, 6, 5.5, 3.5 ], "texture": "#texture" },
				"up": { "uv": [ 9.5, 3.5, 10.5, 6 ], "texture": "#texture" },
				"north": { "uv": [ 5.5, 12, 6.5, 12.5 ], "texture": "#texture" },
				"south": { "uv": [ 9.5, 12, 10.5, 12.5 ], "texture": "#texture" },
				"west": { "uv": [ 3.5, 12, 6, 12.5 ], "texture": "#texture" },
				"east": { "uv": [ 10, 12, 12.5, 12.5 ], "texture": "#texture" }
			}
		},
		{
			"from": [ 6, 1, 7 ],
			"to": [ 9.5, 2, 11.5 ],
			"faces": {
				"down": { "uv": [ 0, 0, 16, 16 ], "texture": "#texture" },
				"up": { "uv": [ 0, 0, 16, 16 ], "texture": "#texture" },
				"north": { "uv": [ 0, 0, 16, 16 ], "texture": "#texture" },
				"south": { "uv": [ 0, 0, 16, 16 ], "texture": "#texture" },
				"west": { "uv": [ 0, 0, 16, 16 ], "texture": "#texture" },
				"east": { "uv": [ 0, 0, 16, 16 ], "texture": "#texture" }
			}
		},
		{
			"from": [ 6, 2.875, 6.5 ],
			"to": [ 9.5, 3.875, 9 ],
			"rotation": { "origin": [ 6, 3.875, 6.5 ], "axis": "x", "angle": 45 },
			"faces": {
				"down": { "uv": [ 1, 3.5, 14.5, 12.5 ], "texture": "#structure_block" },
				"up": { "uv": [ 1, 2.5, 15, 11.5 ], "texture": "#structure_block" },
				"north": { "uv": [ 6, 12.125, 9.5, 13.125 ], "texture": "#structure_block" },
				"south": { "uv": [ 6, 12.125, 9.5, 13.125 ], "texture": "#structure_block" },
				"west": { "uv": [ 6.3125, 12.125, 8.8125, 13.125 ], "texture": "#structure_block" },
				"east": { "uv": [ 6.3125, 12.125, 8.8125, 13.125 ], "texture": "#structure_block" }
			}
		},
		{
			"from": [ 6, 3, 4.5 ],
			"to": [ 9.5, 4, 6.5 ],
			"faces": {
				"down": { "uv": [ 10, 6.5, 6.5, 4.5 ], "texture": "#texture" },
				"up": { "uv": [ 6, 4.5, 9.5, 6.5 ], "texture": "#texture" },
				"north": { "uv": [ 6.5, 12, 10, 13 ], "texture": "#texture" },
				"south": { "uv": [ 6, 12, 9.5, 13 ], "texture": "#texture" },
				"west": { "uv": [ 4.5, 12, 6.5, 13 ], "texture": "#texture" },
				"east": { "uv": [ 9.5, 12, 11.5, 13 ], "texture": "#texture" }
			}
		},
		{
			"from": [ 5.5, 2.6875, 6 ],
			"to": [ 6, 3.6875, 8 ],
			"faces": {
				"down": { "uv": [ 10.6875, 8, 10.1875, 6 ], "texture": "#texture" },
				"up": { "uv": [ 5.3125, 6, 5.8125, 8 ], "texture": "#texture" },
				"north": { "uv": [ 10.1875, 12.3125, 10.6875, 13.3125 ], "texture": "#texture" },
				"south": { "uv": [ 5.3125, 12.3125, 5.8125, 13.3125 ], "texture": "#texture" },
				"west": { "uv": [ 6, 12.3125, 8, 13.3125 ], "texture": "#texture" },
				"east": { "uv": [ 8, 12.3125, 10, 13.3125 ], "texture": "#texture" }
			}
		},
		{
			"from": [ 9.5, 2.6875, 6 ],
			"to": [ 10, 3.6875, 8 ],
			"faces": {
				"down": { "uv": [ 6.1875, 8, 5.6875, 6 ], "texture": "#texture" },
				"up": { "uv": [ 9.8125, 6, 10.3125, 8 ], "texture": "#texture" },
				"north": { "uv": [ 5.6875, 12.3125, 6.1875, 13.3125 ], "texture": "#texture" },
				"south": { "uv": [ 9.8125, 12.3125, 10.3125, 13.3125 ], "texture": "#texture" },
				"west": { "uv": [ 6, 12.3125, 8, 13.3125 ], "texture": "#texture" },
				"east": { "uv": [ 8, 12.3125, 10, 13.3125 ], "texture": "#texture" }
			}
		},
		{
			"from": [ 5.5, 0.4375, 10.5625 ],
			"to": [ 10, 1.9375, 11.5625 ],
			"faces": {
				"down": { "uv": [ 10.5, 11.625, 6, 10.625 ], "texture": "#texture" },
				"up": { "uv": [ 5.5, 10.625, 10, 11.625 ], "texture": "#texture" },
				"north": { "uv": [ 6, 14.625, 10.5, 15.625 ], "texture": "#texture" },
				"south": { "uv": [ 5.5, 14.625, 10, 15.625 ], "texture": "#texture" },
				"west": { "uv": [ 10.625, 14.625, 11.625, 15.625 ], "texture": "#texture" },
				"east": { "uv": [ 4.375, 14.625, 5.375, 15.625 ], "texture": "#texture" }
			}
		},
		{
			"from": [ 6.1875, 1.0625, 8.4375 ],
			"to": [ 7, 2.0625, 9.25 ],
			"faces": {
				"down": { "uv": [ 9.5, 9.3125, 8.6875, 8.5 ], "texture": "#DDG" },
				"up": { "uv": [ 6.5, 8.5, 7.3125, 9.3125 ], "texture": "#DDG" },
				"north": { "uv": [ 8.6875, 13.9375, 9.5, 14.9375 ], "texture": "#DDG" },
				"south": { "uv": [ 6.5, 13.9375, 7.3125, 14.9375 ], "texture": "#DDG" },
				"west": { "uv": [ 8.5, 13.9375, 9.3125, 14.9375 ], "texture": "#DDG" },
				"east": { "uv": [ 6.6875, 13.9375, 7.5, 14.9375 ], "texture": "#DDG" }
			}
		},
		{
			"from": [ 7.3125, 1.0625, 8.4375 ],
			"to": [ 8.125, 2.0625, 9.25 ],
			"faces": {
				"down": { "uv": [ 9.5, 9.3125, 8.6875, 8.5 ], "texture": "#DDG" },
				"up": { "uv": [ 6.5, 8.5, 7.3125, 9.3125 ], "texture": "#DDG" },
				"north": { "uv": [ 8.6875, 13.9375, 9.5, 14.9375 ], "texture": "#DDG" },
				"south": { "uv": [ 6.5, 13.9375, 7.3125, 14.9375 ], "texture": "#DDG" },
				"west": { "uv": [ 8.5, 13.9375, 9.3125, 14.9375 ], "texture": "#DDG" },
				"east": { "uv": [ 6.6875, 13.9375, 7.5, 14.9375 ], "texture": "#DDG" }
			}
		},
		{
			"from": [ 8.4375, 1.0625, 8.4375 ],
			"to": [ 9.25, 2.0625, 9.25 ],
			"faces": {
				"down": { "uv": [ 9.5, 9.3125, 8.6875, 8.5 ], "texture": "#DDG" },
				"up": { "uv": [ 6.5, 8.5, 7.3125, 9.3125 ], "texture": "#DDG" },
				"north": { "uv": [ 8.6875, 13.9375, 9.5, 14.9375 ], "texture": "#DDG" },
				"south": { "uv": [ 6.5, 13.9375, 7.3125, 14.9375 ], "texture": "#DDG" },
				"west": { "uv": [ 8.5, 13.9375, 9.3125, 14.9375 ], "texture": "#DDG" },
				"east": { "uv": [ 6.6875, 13.9375, 7.5, 14.9375 ], "texture": "#DDG" }
			}
		},
		{
			"from": [ 8.4375, 1.0625, 9.5 ],
			"to": [ 9.25, 2.0625, 10.3125 ],
			"faces": {
				"down": { "uv": [ 9.5, 9.3125, 8.6875, 8.5 ], "texture": "#DDG" },
				"up": { "uv": [ 6.5, 8.5, 7.3125, 9.3125 ], "texture": "#DDG" },
				"north": { "uv": [ 8.6875, 13.9375, 9.5, 14.9375 ], "texture": "#DDG" },
				"south": { "uv": [ 6.5, 13.9375, 7.3125, 14.9375 ], "texture": "#DDG" },
				"west": { "uv": [ 8.5, 13.9375, 9.3125, 14.9375 ], "texture": "#DDG" },
				"east": { "uv": [ 6.6875, 13.9375, 7.5, 14.9375 ], "texture": "#DDG" }
			}
		},
		{
			"from": [ 7.3125, 1.0625, 9.5 ],
			"to": [ 8.125, 2.0625, 10.3125 ],
			"faces": {
				"down": { "uv": [ 9.5, 9.3125, 8.6875, 8.5 ], "texture": "#DDG" },
				"up": { "uv": [ 6.5, 8.5, 7.3125, 9.3125 ], "texture": "#DDG" },
				"north": { "uv": [ 8.6875, 13.9375, 9.5, 14.9375 ], "texture": "#DDG" },
				"south": { "uv": [ 6.5, 13.9375, 7.3125, 14.9375 ], "texture": "#DDG" },
				"west": { "uv": [ 8.5, 13.9375, 9.3125, 14.9375 ], "texture": "#DDG" },
				"east": { "uv": [ 6.6875, 13.9375, 7.5, 14.9375 ], "texture": "#DDG" }
			}
		},
		{
			"from": [ 6.1875, 1.0625, 9.5 ],
			"to": [ 7, 2.0625, 10.3125 ],
			"faces": {
				"down": { "uv": [ 9.5, 9.3125, 8.6875, 8.5 ], "texture": "#DDG" },
				"up": { "uv": [ 6.5, 8.5, 7.3125, 9.3125 ], "texture": "#DDG" },
				"north": { "uv": [ 8.6875, 13.9375, 9.5, 14.9375 ], "texture": "#DDG" },
				"south": { "uv": [ 6.5, 13.9375, 7.3125, 14.9375 ], "texture": "#DDG" },
				"west": { "uv": [ 8.5, 13.9375, 9.3125, 14.9375 ], "texture": "#DDG" },
				"east": { "uv": [ 6.6875, 13.9375, 7.5, 14.9375 ], "texture": "#DDG" }
			}
		},
		{
			"from": [ 7.3125, 1.125, 10.5625 ],
			"to": [ 8.125, 2.125, 11.375 ],
			"faces": {
				"down": { "uv": [ 9.5, 9.3125, 8.6875, 8.5 ], "texture": "#DDG" },
				"up": { "uv": [ 6.5, 8.5, 7.3125, 9.3125 ], "texture": "#DDG" },
				"north": { "uv": [ 8.6875, 13.9375, 9.5, 14.9375 ], "texture": "#DDG" },
				"south": { "uv": [ 6.5, 13.9375, 7.3125, 14.9375 ], "texture": "#DDG" },
				"west": { "uv": [ 8.5, 13.9375, 9.3125, 14.9375 ], "texture": "#DDG" },
				"east": { "uv": [ 6.6875, 13.9375, 7.5, 14.9375 ], "texture": "#DDG" }
			}
		},
		{
			"from": [ 6.1875, 1.0625, 10.5625 ],
			"to": [ 7, 2.0625, 11.375 ],
			"faces": {
				"down": { "uv": [ 9.5, 9.3125, 8.6875, 8.5 ], "texture": "#DDG" },
				"up": { "uv": [ 6.5, 8.5, 7.3125, 9.3125 ], "texture": "#DDG" },
				"north": { "uv": [ 8.6875, 13.9375, 9.5, 14.9375 ], "texture": "#DDG" },
				"south": { "uv": [ 6.5, 13.9375, 7.3125, 14.9375 ], "texture": "#DDG" },
				"west": { "uv": [ 8.5, 13.9375, 9.3125, 14.9375 ], "texture": "#DDG" },
				"east": { "uv": [ 6.6875, 13.9375, 7.5, 14.9375 ], "texture": "#DDG" }
			}
		},
		{
			"from": [ 8.4375, 1.0625, 10.5625 ],
			"to": [ 9.25, 2.0625, 11.375 ],
			"faces": {
				"down": { "uv": [ 9.5, 9.3125, 8.6875, 8.5 ], "texture": "#DDG" },
				"up": { "uv": [ 6.5, 8.5, 7.3125, 9.3125 ], "texture": "#DDG" },
				"north": { "uv": [ 8.6875, 13.9375, 9.5, 14.9375 ], "texture": "#DDG" },
				"south": { "uv": [ 6.5, 13.9375, 7.3125, 14.9375 ], "texture": "#DDG" },
				"west": { "uv": [ 8.5, 13.9375, 9.3125, 14.9375 ], "texture": "#DDG" },
				"east": { "uv": [ 6.6875, 13.9375, 7.5, 14.9375 ], "texture": "#DDG" }
			}
		}
	],
	"display": {
		"thirdperson_righthand": {
			"rotation":  [ -3, 166, 4 ],
			"translation":  [ 1.32, 4.35, -2.83 ]
		},
		"thirdperson_lefthand": {
			"rotation":  [ -3, 166, 4 ],
			"translation":  [ 1.32, 4.35, -2.83 ]
		},
		"firstperson_righthand": {
			"rotation":  [ 0, -113, -26 ],
			"translation":  [ 0, 5.1, 0.38 ]
		},
		"firstperson_lefthand": {
			"rotation":  [ 0, -113, -26 ],
			"translation":  [ 0, 5.1, 0.38 ]
		},
		"gui": {
			"rotation":  [ 30, -35, 0 ],
			"translation":  [ 0, 7.75, 0 ],
			"scale":  [ 1.6, 1.6, 1.6 ]
		},
		"ground": {
			"translation":  [ 0, 1.51, 0 ],
			"scale":  [ 0.4, 0.4, 0.4 ]
		},
		"fixed": {
			"rotation":  [ -82, 145, -4 ],
			"translation":  [ 0, 0.19, -8.31 ],
			"scale":  [ 1.23, 1.17, 1.2 ]
		}
	}
}